time,rssi,isTag
1641965022.0446966,-79,True
1641965022.1516514,-59,True
1641965022.2581382,-76,True
1641965022.3678641,-58,True
1641965022.578927,-57,True
1641965022.6871457,-67,True
1641965022.79556,-68,True
1641965022.901723,-59,True
1641965023.008377,-69,True
1641965023.1166892,-61,True
1641965023.2223077,-63,True
1641965023.3319705,-66,True
1641965023.437414,-70,True
1641965023.5444627,-77,True
1641965023.6517384,-62,True
1641965023.866632,-58,True
1641965024.0832186,-74,True
1641965024.1918216,-59,True
1641965024.2968838,-74,True
1641965024.402925,-59,True
1641965024.509484,-74,True
1641965024.6152937,-60,True
1641965024.7194111,-75,True
1641965024.826634,-60,True
1641965024.934638,-71,True
1641965025.1484094,-70,True
1641965025.2568874,-82,True
1641965025.3665783,-59,True
1641965025.7980654,-77,True
1641965025.9040482,-61,True
1641965026.0079813,-73,True
1641965026.115241,-59,True
1641965026.219108,-74,True
1641965026.3252008,-59,True
1641965026.5363605,-60,True
1641965026.7487345,-61,True
1641965026.855593,-71,True
1641965026.9640636,-71,True
1641965027.3956692,-74,True
1641965027.6069024,-71,True
1641965027.7127454,-85,True
1641965027.9277823,-79,True
1641965028.0337648,-62,True
1641965028.2486162,-60,True
1641965028.571156,-62,True
1641965028.6752532,-79,True
1641965028.7811415,-62,True
1641965028.8888505,-79,True
1641965033.2319796,-85,True
1641965033.5540764,-60,True
1641965033.7705986,-86,True
1641965033.880697,-59,True
1641965034.0980344,-59,True
1641965034.310823,-86,True
1641965034.5258014,-86,True
1641965034.7357922,-86,True
1641965034.8453972,-59,True
1641965035.2719676,-88,True
1641965035.3805602,-60,True
1641965035.9203594,-59,True
1641965036.024485,-90,True
1641965036.1341114,-59,True
1641965036.3464916,-59,True
1641965036.8802557,-59,True
1641965036.9846048,-91,True
1641965037.5256546,-91,True
1641965037.6325445,-59,True
1641965037.7378368,-90,True
1641965037.8438993,-58,True
1641965037.9478793,-91,True
1641965043.1339798,-76,True
1641965043.2405162,-56,True
1641965043.3445888,-76,True
1641965043.450488,-57,True
1641965043.7723129,-68,True
1641965044.0910432,-78,True
1641965044.197623,-69,True
1641965044.303393,-77,True
1641965044.4093442,-57,True
1641965044.5169907,-77,True
1641965045.050923,-73,True
1641965045.2622774,-74,True
1641965045.3717945,-61,True
1641965045.4758334,-76,True
1641965045.581762,-61,True
1641965045.685809,-76,True
1641965045.793017,-61,True
1641965045.8968656,-74,True
1641965046.0055628,-60,True
1641965046.2155113,-61,True
1641965046.6420312,-72,True
1641965046.7528749,-58,True
1641965046.8567822,-73,True
1641965046.9665504,-58,True
1641965047.0747106,-70,True
1641965047.1819077,-72,True
1641965047.2891757,-58,True
1641965047.3968253,-72,True
1641965047.5029104,-59,True
1641965047.7153232,-59,True
1641965047.9305823,-71,True
1641965048.036007,-68,True
1641965048.1419487,-71,True
1641965048.3555257,-72,True
1641965048.4640598,-58,True
1641965048.6739936,-59,True
1641965048.8839862,-59,True
1641965048.993332,-69,True
1641965053.1422455,-59,True
1641965053.3547726,-61,True
1641965053.6727948,-66,True
1641965053.7799642,-72,True
1641965053.8883617,-63,True
1641965053.9924998,-69,True
1641965054.102268,-70,True
1641965054.206001,-68,True
1641965054.3157973,-67,True
1641965054.4240232,-65,True
1641965054.5312364,-67,True
1641965054.6395998,-66,True
1641965054.7459047,-66,True
1641965054.8534055,-65,True
1641965054.960203,-64,True
1641965055.1764529,-63,True
1641965055.2849529,-65,True
1641965055.3933563,-66,True
1641965055.6057477,-66,True
1641965055.715046,-65,True
1641965055.8236165,-67,True
1641965055.9344416,-66,True
1641965056.038763,-65,True
1641965056.1469755,-67,True
1641965056.2524707,-65,True
1641965056.362205,-66,True
1641965056.4681928,-67,True
1641965056.5721858,-65,True
1641965056.6806273,-68,True
1641965056.7886784,-63,True
1641965057.008221,-66,True
1641965057.112118,-66,True
1641965057.2193332,-66,True
1641965057.3247137,-65,True
1641965057.4342911,-65,True
1641965057.5385983,-63,True
1641965057.647201,-86,True
1641965057.9612377,-63,True
1641965061.1604562,-68,True
1641965061.2713776,-69,True
1641965061.375257,-68,True
1641965061.4850621,-69,True
1641965061.5894313,-64,True
1641965061.695033,-68,True
1641965061.799509,-68,True
1641965061.9052305,-65,True
1641965062.009514,-69,True
1641965062.2232692,-75,True
1641965062.3316622,-78,True
1641965062.4376645,-64,True
1641965062.5428011,-73,True
1641965062.6512392,-67,True
1641965062.7551064,-69,True
1641965062.862504,-68,True
1641965063.0790784,-89,True
1641965063.1856062,-69,True
1641965063.2914686,-70,True
1641965063.398672,-61,True
1641965063.5078611,-63,True
1641965063.6148164,-61,True
1641965063.7191875,-64,True
1641965063.8262858,-61,True
1641965063.930409,-67,True
1641965064.0388854,-71,True
1641965064.1473343,-60,True
1641965064.2526364,-70,True
1641965064.3586788,-61,True
1641965064.462622,-70,True
1641965064.569794,-61,True
1641965064.6749156,-70,True
1641965064.8849614,-71,True
1641965064.994685,-61,True
1641965065.1015615,-67,True
1641965065.3128672,-67,True
1641965065.422547,-73,True
1641965065.5322964,-61,True
1641965065.6389744,-68,True
1641965065.7475536,-73,True
1641965065.855357,-68,True
1641965065.9613376,-75,True
1641965066.0697825,-62,True
1641965066.1736846,-74,True
1641965066.2810025,-61,True
1641965066.6039605,-68,True
1641965066.7086935,-73,True
1641965066.8153007,-68,True
1641965066.9212031,-73,True
1641965072.1409435,-67,True
1641965072.2524924,-59,True
1641965072.360613,-63,True
1641965072.466551,-68,True
1641965072.576218,-60,True
1641965072.6801865,-83,True
1641965072.7872705,-62,True
1641965072.894179,-85,True
1641965073.0000148,-61,True
1641965073.1040087,-77,True
1641965073.2101433,-62,True
1641965073.3195133,-68,True
1641965073.4266584,-79,True
1641965073.637853,-91,True
1641965073.8528426,-74,True
1641965073.9587278,-64,True
1641965074.0626945,-72,True
1641965074.173579,-64,True
1641965074.2805126,-69,True
1641965074.4905398,-64,True
1641965074.6002603,-70,True
1641965074.706064,-61,True
1641965074.810184,-66,True
1641965074.9185753,-65,True
1641965075.0237222,-67,True
1641965075.130993,-65,True
1641965075.2404673,-70,True
1641965075.4542744,-67,True
1641965075.5589046,-71,True
1641965075.6672258,-44,True
1641965075.7713575,-69,True
1641965075.8810108,-59,True
1641965075.9878514,-66,True
1641965076.096261,-66,True
1641965076.2071378,-60,True
1641965076.3125477,-65,True
1641965076.4183187,-62,True
1641965076.6308367,-61,True
1641965076.736639,-69,True
1641965076.8421679,-64,True
1641965076.9464867,-66,True
1641965077.1603646,-65,True
1641965077.2674816,-70,True
1641965077.3740718,-70,True
1641965077.4798915,-68,True
1641965077.5908191,-65,True
1641965077.912783,-67,True
1641965078.0224113,-71,True
1641965078.131925,-62,True
1641965078.2376604,-67,True
1641965078.3460412,-69,True
1641965078.4556453,-62,True
1641965078.6746485,-62,True
1641965078.8873188,-67,True
1641965078.9938793,-66,True
1641965084.1391685,-67,True
1641965084.2449262,-61,True
1641965084.3491607,-68,True
1641965084.4562428,-61,True
1641965084.5627542,-67,True
1641965084.672468,-62,True
1641965084.887873,-67,True
1641965084.9974844,-62,True
1641965085.102707,-68,True
1641965085.212422,-61,True
1641965085.3183277,-66,True
1641965085.4236982,-62,True
1641965085.5283573,-69,True
1641965085.6338556,-62,True
1641965085.7419653,-69,True
1641965085.8465002,-69,True
1641965085.9532344,-68,True
1641965086.0577433,-68,True
1641965086.1674268,-62,True
1641965086.2715492,-68,True
1641965086.3786666,-62,True
1641965086.4857655,-67,True
1641965086.5922945,-61,True
1641965086.8077047,-70,True
1641965086.916079,-61,True
1641965087.0213697,-69,True
1641965087.1284866,-62,True
1641965087.2369819,-69,True
1641965087.3422873,-63,True
1641965087.4468791,-68,True
1641965087.5522754,-63,True
1641965087.661842,-69,True
1641965087.7663758,-69,True
1641965087.8772452,-63,True
1641965087.9813797,-70,True
1641965088.0896938,-62,True
1641965088.300909,-62,True
1641965088.4068348,-66,True
1641965088.5121014,-63,True
1641965088.6192756,-67,True
1641965088.728677,-68,True
1641965088.8383396,-62,True
1641965088.942358,-68,True
1641965091.1871428,-69,True
1641965091.295584,-61,True
1641965091.3996286,-69,True
1641965091.5054672,-62,True
1641965091.6095896,-70,True
1641965091.7204385,-61,True
1641965091.830128,-69,True
1641965091.935894,-68,True
1641965092.0401247,-68,True
1641965092.1471543,-70,True
1641965092.256727,-63,True
1641965092.360792,-70,True
1641965092.4692051,-63,True
1641965092.5762599,-67,True
1641965092.6816223,-62,True
1641965092.786322,-71,True
1641965092.8929012,-61,True
1641965092.9975379,-67,True
1641965093.1029456,-61,True
1641965093.2075245,-68,True
1641965093.5282686,-68,True
1641965093.7394493,-69,True
1641965093.8465385,-62,True
1641965093.9507039,-70,True
1641965094.0589514,-63,True
1641965094.1662352,-68,True
1641965094.3760684,-69,True
1641965094.5873168,-67,True
1641965094.694377,-70,True
1641965094.9117033,-69,True
1641965095.0189464,-63,True
1641965095.442664,-62,True
1641965095.5496254,-68,True
1641965095.654106,-69,True
1641965095.8680124,-68,True
1641965100.1781018,-62,True
1641965100.2851603,-69,True
1641965100.3905282,-62,True
1641965100.4977365,-70,True
1641965100.6047397,-69,True
1641965100.7142415,-62,True
1641965100.8196528,-69,True
1641965100.926884,-62,True
1641965101.0366235,-71,True
1641965101.1420557,-62,True
1641965101.246595,-69,True
1641965101.4577794,-69,True
1641965101.6677158,-69,True
1641965101.773604,-68,True
1641965101.8789747,-71,True
1641965101.9859984,-69,True
1641965102.1973135,-68,True
1641965102.4073186,-69,True
1641965102.5142903,-62,True
1641965102.618502,-69,True
1641965102.7241771,-63,True
1641965102.828431,-69,True
1641965102.9381077,-62,True
1641965103.0475447,-69,True
1641965103.155925,-69,True
1641965103.2653515,-63,True
1641965103.3707972,-69,True
1641965103.4780416,-64,True
1641965103.5837429,-71,True
1641965103.690321,-63,True
1641965103.7949724,-70,True
1641965104.0087,-69,True
1641965104.117242,-69,True
1641965104.3295505,-70,True
1641965104.4355094,-62,True
1641965104.5394878,-69,True
1641965104.6503155,-62,True
1641965104.757365,-68,True
1641965104.863191,-69,True
1641965104.9685953,-68,True
1641965107.155943,-68,True
1641965107.2654185,-69,True
1641965107.3707747,-67,True
1641965107.4791212,-69,True
1641965107.58741,-63,True
1641965107.6945715,-66,True
1641965107.8029022,-68,True
1641965107.910847,-66,True
1641965108.1248653,-64,True
1641965108.2304094,-68,True
1641965108.338574,-63,True
1641965108.4471154,-66,True
1641965108.6569502,-67,True
1641965108.869428,-67,True
1641965108.9741428,-69,True
1641965109.0836177,-62,True
1641965109.1891706,-69,True
1641965109.294807,-63,True
1641965109.399129,-67,True
1641965109.50481,-63,True
1641965109.608901,-67,True
1641965109.7171881,-63,True
1641965109.8215535,-68,True
1641965110.0367777,-68,True
1641965110.1453135,-67,True
1641965110.36432,-68,True
1641965110.4726782,-69,True
1641965110.578088,-69,True
1641965110.6839302,-60,True
1641965110.7893221,-69,True
1641965110.8951519,-68,True
1641965111.1101177,-69,True
1641965111.2183797,-62,True
1641965111.3268144,-68,True
1641965111.6487763,-68,True
1641965111.8666782,-68,True
1641965116.195201,-62,True
1641965116.3036475,-68,True
1641965116.4118745,-69,True
1641965116.6255376,-69,True
1641965116.7326221,-62,True
1641965116.8367126,-69,True
1641965116.946488,-62,True
1641965117.0506098,-70,True
1641965117.1575766,-62,True
1641965117.2636113,-69,True
1641965117.3717713,-70,True
1641965117.4773464,-69,True
1641965117.585404,-69,True
1641965117.799105,-70,True
1641965117.9063797,-63,True
1641965118.0106952,-70,True
1641965118.11875,-62,True
1641965118.3300009,-62,True
1641965118.43731,-69,True
1641965118.5440626,-69,True
1641965118.64971,-70,True
1641965118.757894,-70,True
1641965118.9733741,-69,True
1641965119.0787294,-63,True
1641965119.1872368,-70,True
1641965119.2928638,-69,True
1641965119.4024844,-63,True
1641965119.5105038,-71,True
1641965119.6162233,-63,True
1641965119.720397,-69,True
1641965119.827304,-63,True
1641965119.935765,-70,True
1641965120.043899,-71,True
1641965120.1535373,-64,True
1641965120.257614,-70,True
1641965120.3660052,-63,True
1641965120.4702988,-70,True
1641965120.685706,-70,True
1641965120.89822,-70,True
1641965121.0063376,-71,True
1641965121.1135092,-65,True
1641965121.2175236,-70,True
1641965121.3259032,-65,True
1641965121.430193,-69,True
1641965121.646899,-71,True
1641965121.751221,-70,True
1641965121.8598585,-70,True
1641965121.9637291,-70,True
1641965122.0691922,-70,True
1641965126.204102,-70,True
1641965126.309154,-63,True
1641965126.4175887,-69,True
1641965126.526866,-69,True
1641965126.6353269,-62,True
1641965126.7394857,-70,True
1641965126.8465502,-63,True
1641965126.9538412,-70,True
1641965127.2741165,-69,True
1641965127.4934523,-70,True
1641965127.5988233,-63,True
1641965127.7035277,-69,True
1641965127.9214475,-62,True
1641965128.0254326,-70,True
1641965128.2393508,-70,True
1641965128.3463607,-63,True
1641965128.4510791,-70,True
1641965128.6661363,-70,True
1641965128.7741823,-70,True
1641965128.8838065,-63,True
1641965128.9910316,-70,True
1641965129.0962925,-63,True
1641965129.2021887,-69,True
1641965129.6260283,-69,True
1641965129.7340848,-69,True
1641965129.842473,-62,True
1641965130.0574253,-62,True
1641965130.1621876,-68,True
1641965130.2673998,-62,True
1641965130.3746402,-67,True
1641965130.5882192,-68,True
1641965130.6964808,-69,True
1641965130.8074305,-62,True
1641965130.9172761,-69,True
1641965131.021531,-69,True
1641965131.1282742,-68,True
1641965131.235239,-68,True
1641965131.3410609,-63,True
1641965131.450949,-68,True
1641965131.5585864,-62,True
1641965131.6633363,-70,True
1641965131.7713754,-68,True
1641965131.8824859,-61,True
1641965131.9876182,-68,True
1641965135.2030356,-69,True
1641965135.5235076,-68,True
1641965135.6333063,-62,True
1641965135.7372258,-70,True
1641965135.8432937,-62,True
1641965135.9471536,-70,True
1641965136.0557792,-62,True
1641965136.1602273,-70,True
1641965136.4859743,-69,True
1641965136.595465,-62,True
1641965136.7002172,-70,True
1641965136.8080044,-61,True
1641965136.916638,-71,True
1641965137.0219636,-69,True
1641965137.1330178,-62,True
1641965137.2383432,-70,True
1641965137.344376,-62,True
1641965137.4483178,-69,True
1641965137.5541694,-62,True
1641965137.7679887,-62,True
1641965137.8725722,-70,True
1641965137.9778702,-62,True
1641965138.0874217,-70,True
1641965138.1918871,-69,True
1641965138.302856,-62,True
1641965138.4083908,-70,True
1641965138.5140176,-62,True
1641965138.6236837,-70,True
1641965138.9468834,-69,True
1641965139.057785,-63,True
1641965139.162438,-69,True
1641965139.267736,-62,True
1641965139.3760972,-70,True
1641965139.4854422,-68,True
1641965139.5914884,-61,True
1641965139.7003095,-70,True
1641965139.8065076,-62,True
1641965139.9149156,-73,True
1641965140.0204225,-69,True
1641965144.2030032,-72,True
1641965144.3101273,-69,True
1641965144.4154754,-71,True
1641965144.6298423,-62,True
1641965144.8422298,-63,True
1641965144.9463482,-69,True
1641965145.0523179,-63,True
1641965145.157438,-69,True
1641965145.2635257,-62,True
1641965145.3673346,-69,True
1641965145.474776,-62,True
1641965145.581603,-71,True
1641965145.7956643,-71,True
1641965145.8995953,-68,True
1641965146.0063782,-73,True
1641965146.110804,-69,True
1641965146.2194371,-62,True
1641965146.3233018,-69,True
1641965146.4294238,-62,True
1641965146.5357888,-69,True
1641965146.6458926,-63,True
1641965146.7541707,-73,True
1641965146.863545,-69,True
1641965146.971984,-62,True
1641965147.0803657,-72,True
1641965147.1896176,-69,True
1641965147.3007033,-62,True
1641965147.4045625,-68,True
1641965147.5131738,-63,True
1641965147.6170776,-69,True
1641965147.7231472,-62,True
1641965147.8313982,-73,True
1641965147.9368358,-62,True
1641965148.0451934,-72,True
1641965148.150755,-70,True
1641965148.370176,-70,True
1641965148.4757457,-62,True
1641965148.5813518,-70,True
1641965148.686886,-62,True
1641965148.7939403,-71,True
1641965148.9020417,-69,True
1641965149.1157074,-69,True
1641965149.2266517,-62,True
1641965149.335129,-69,True
1641965149.4406276,-69,True
1641965149.5518363,-62,True
1641965149.6612015,-70,True
1641965150.0861409,-70,True
1641965150.1905,-69,True
1641965150.3003986,-62,True
1641965150.5104728,-63,True
1641965150.6167166,-70,True
1641965150.8336651,-70,True
1641965150.9404273,-69,True
1641965151.0490513,-62,True
1641965155.2223265,-63,True
1641965155.3306346,-70,True
1641965155.4387553,-68,True
1641965155.5487337,-63,True
1641965155.6538231,-68,True
1641965155.7599454,-62,True
1641965155.865044,-67,True
1641965155.9711652,-62,True
1641965156.079308,-69,True
1641965156.1848724,-62,True
1641965156.2905543,-69,True
1641965156.5030143,-71,True
1641965156.8211355,-68,True
1641965156.9298427,-62,True
1641965157.033691,-68,True
1641965157.1410499,-62,True
1641965157.2493103,-68,True
1641965157.355839,-62,True
1641965157.4629922,-69,True
1641965157.569894,-68,True
1641965157.6796227,-63,True
1641965157.783483,-68,True
1641965157.8895888,-63,True
1641965157.9961252,-67,True
1641965158.1057637,-61,True
1641965158.2128263,-69,True
1641965158.318429,-69,True
1641965158.4240382,-69,True
1641965158.530898,-69,True
1641965158.640768,-62,True
1641965158.749036,-68,True
1641965158.8556752,-61,True
1641965158.9614854,-68,True
1641965159.1741097,-72,True
1641965159.4908526,-69,True
1641965159.5994332,-62,True
1641965159.7077148,-70,True
1641965159.8132298,-61,True
1641965159.9201434,-68,True
1641965160.2408307,-67,True
1641965160.4519532,-68,True
1641965160.5594254,-61,True
1641965160.664431,-69,True
1641965160.7744126,-61,True
1641965160.8825347,-72,True
1641965160.988184,-68,True
1641965161.099315,-61,True
1641965165.180134,-62,True
1641965165.2851608,-69,True
1641965165.3912997,-62,True
1641965165.4952807,-69,True
1641965165.6013396,-62,True
1641965165.7071667,-67,True
1641965165.9195993,-67,True
1641965166.024939,-62,True
1641965166.132118,-68,True
1641965166.3420172,-66,True
1641965166.4475088,-69,True
1641965166.5532026,-67,True
1641965166.657477,-68,True
1641965166.764357,-67,True
1641965166.8712025,-69,True
1641965166.9785593,-62,True
1641965167.0836937,-69,True
1641965167.189816,-63,True
1641965167.3997622,-63,True
1641965167.5036523,-69,True
1641965167.613667,-62,True
1641965167.7181215,-68,True
1641965167.931831,-68,True
1641965168.0411673,-70,True
1641965168.1509366,-62,True
1641965168.2548459,-70,True
1641965168.360952,-62,True
1641965168.4667768,-68,True
1641965168.5734007,-62,True
1641965168.6780422,-68,True
1641965168.8917465,-69,True
1641965169.1055765,-68,True
1641965169.2097116,-69,True
1641965169.317014,-62,True
1641965169.4266074,-69,True
1641965169.53323,-62,True
1641965169.6403515,-68,True
1641965169.852898,-68,True
1641965169.9622548,-69,True
1641965170.0707424,-63,True
1641965170.1747804,-69,True
1641965170.284567,-62,True
1641965170.3891585,-68,True
1641965170.4972177,-70,True
1641965170.602817,-68,True
1641965170.7096877,-69,True
1641965170.8153932,-67,True
1641965170.9196582,-69,True
1641965171.0294933,-62,True
1641965171.133274,-70,True
1641965171.239425,-63,True
1641965171.3466027,-68,True
1641965171.4518497,-62,True
1641965171.559053,-68,True
1641965171.7738845,-68,True
1641965171.879541,-70,True
1641965171.9851732,-67,True
1641965172.0907652,-69,True
1641965174.2403128,-62,True
1641965174.3499296,-68,True
1641965174.5648582,-68,True
1641965174.6729426,-68,True
1641965174.7791529,-64,True
1641965174.886156,-67,True
1641965174.9916816,-63,True
1641965175.101129,-68,True
1641965175.2066674,-69,True
1641965175.3176892,-62,True
1641965175.6397717,-68,True
1641965175.7466173,-69,True
1641965175.853319,-70,True
1641965175.9576964,-69,True
1641965176.063487,-67,True
1641965176.1676862,-69,True
1641965176.277562,-63,True
1641965176.3814027,-69,True
1641965176.4900494,-62,True
1641965176.5939264,-69,True
1641965176.7036796,-62,True
1641965176.8132288,-70,True
1641965176.9177432,-69,True
1641965177.0263453,-62,True
1641965177.1325839,-68,True
1641965177.2424915,-62,True
1641965177.3494916,-68,True
1641965177.5662203,-63,True
1641965177.6713815,-69,True
1641965177.781184,-62,True
1641965177.8868406,-67,True
1641965178.1005788,-68,True
1641965178.313042,-68,True
1641965178.4175677,-70,True
1641965178.5230644,-68,True
1641965178.629935,-70,True
1641965178.736105,-62,True
1641965178.8411617,-69,True
1641965178.9486074,-62,True
1641965179.0580423,-68,True
1641965179.1642559,-62,True
1641965179.2680602,-69,True
1641965179.3734002,-63,True
1641965179.4791753,-69,True
1641965179.588661,-69,True
1641965179.6942816,-69,True
1641965179.7986302,-69,True
1641965179.904369,-69,True
1641965180.0122862,-69,True
1641965184.2383375,-69,True
1641965184.346657,-62,True
1641965184.4532218,-70,True
1641965184.5591652,-63,True
1641965184.6660182,-68,True
1641965184.775651,-70,True
1641965184.881,-68,True
1641965184.9881625,-70,True
1641965185.0953674,-62,True
1641965185.1994321,-69,True
1641965185.3065317,-64,True
1641965185.4105752,-69,True
1641965185.5215905,-62,True
1641965185.7355332,-69,True
1641965185.840901,-69,True
1641965185.9455488,-70,True
1641965186.0552683,-62,True
1641965186.1592503,-69,True
1641965186.2652361,-62,True
1641965186.3705006,-69,True
1641965186.4789653,-62,True
1641965186.5870662,-68,True
1641965186.8033605,-68,True
1641965187.0214388,-62,True
1641965187.1284077,-68,True
1641965187.3435082,-68,True
1641965187.4515998,-70,True
1641965187.5577157,-63,True
1641965187.6657393,-69,True
1641965187.775436,-69,True
1641965187.8808258,-68,True
1641965187.9890914,-67,True
1641965188.0976336,-62,True
1641965188.2016637,-69,True
1641965188.3112755,-62,True
1641965188.416884,-68,True
1641965188.633234,-67,True
1641965188.741452,-69,True
1641965188.960654,-67,True
1641965189.0651963,-69,True
1641965189.1750555,-61,True
1641965189.2842915,-67,True
1641965189.4993293,-67,True
1641965189.7149868,-62,True
1641965189.8225567,-69,True
1641965189.9298453,-62,True
1641965190.034319,-51,True
1641965192.205863,-63,True
1641965192.311099,-69,True
1641965192.4219072,-62,True
1641965192.5289345,-68,True
1641965192.741473,-67,True
1641965192.8497853,-70,True
1641965192.9583068,-63,True
1641965193.0664318,-67,True
1641965193.1718876,-63,True
1641965193.2763102,-67,True
1641965193.3847735,-70,True
1641965193.4926326,-67,True
1641965193.5985553,-69,True
1641965193.7045248,-63,True
1641965193.8084424,-69,True
1641965193.9144318,-63,True
1641965194.1294727,-62,True
1641965194.2362576,-68,True
1641965194.4475431,-68,True
1641965194.5545955,-70,True
1641965194.6643589,-63,True
1641965194.7720313,-69,True
1641965194.9899137,-69,True
1641965195.09705,-70,True
1641965195.202549,-68,True
1641965195.3070204,-70,True
1641965195.4167483,-63,True
1641965195.5219631,-70,True
1641965195.6292384,-63,True
1641965195.7373378,-67,True
1641965196.1610987,-67,True
1641965196.2657259,-69,True
1641965196.3753164,-62,True
1641965196.4846718,-67,True
1641965196.6972172,-67,True
1641965196.9071755,-67,True
1641965197.1183994,-66,True
1641965199.25764,-62,True
1641965199.3657758,-67,True
1641965199.580594,-67,True
1641965199.687853,-69,True
1641965199.794924,-62,True
1641965199.9013693,-69,True
1641965200.0086675,-62,True
1641965200.11676,-67,True
1641965200.3281252,-67,True
1641965200.5405228,-67,True
1641965200.645076,-69,True
1641965200.7547667,-62,True
1641965200.8601022,-69,True
1641965200.9659984,-62,True
1641965201.070136,-69,True
1641965201.1760917,-62,True
1641965201.3886006,-62,True
1641965201.706679,-67,True
1641965201.8139627,-69,True
1641965201.919088,-68,True
1641965202.0275269,-70,True
1641965202.1334338,-63,True
1641965202.2412126,-70,True
1641965202.347181,-62,True
1641965202.4541674,-67,True
1641965202.559689,-62,True
1641965202.6640325,-67,True
1641965202.7696347,-62,True
1641965202.8739781,-67,True
1641965202.980763,-62,True
1641965203.0865273,-67,True
1641965203.3001842,-67,True
1641965203.4049242,-69,True
1641965203.5102446,-67,True
1641965203.619911,-69,True
1641965203.8364775,-67,True
1641965203.9436216,-69,True
1641965204.0489419,-67,True
1641965209.2646205,-69,True
1641965209.477064,-70,True
1641965209.6895623,-68,True
1641965209.7956753,-70,True
1641965209.9025736,-63,True
1641965210.010336,-67,True
1641965210.1175532,-61,True
1641965210.225808,-71,True
1641965210.334266,-71,True
1641965210.4450264,-64,True
1641965210.657487,-63,True
1641965210.7631943,-67,True
1641965210.869894,-62,True
1641965210.9781811,-67,True
1641965211.0840192,-70,True
1641965211.1937828,-63,True
1641965211.3001845,-70,True
1641965211.4098454,-63,True
1641965211.5156145,-67,True
1641965211.6228938,-69,True
1641965211.7294035,-67,True
1641965211.8351874,-70,True
1641965211.9437664,-63,True
1641965212.0490043,-71,True
1641965212.1587098,-62,True
1641965212.265534,-70,True
1641965212.3752203,-69,True
1641965212.4823146,-62,True
1641965212.5864394,-69,True
1641965212.6936207,-63,True
1641965212.7976527,-70,True
1641965212.904855,-62,True
1641965213.1174178,-62,True
1641965213.3272896,-63,True
1641965213.4342341,-70,True
1641965213.539715,-63,True
1641965213.646636,-70,True
1641965213.8590925,-70,True
1641965213.968959,-70,True
1641965214.0747323,-63,True
1641965219.273109,-69,True
1641965219.3840802,-62,True
1641965219.4882727,-69,True
1641965219.597867,-63,True
1641965219.7034621,-70,True
1641965219.8090212,-63,True
1641965219.9158707,-70,True
1641965220.0231545,-69,True
1641965220.1315296,-63,True
1641965220.235631,-69,True
1641965220.3453302,-62,True
1641965220.4546416,-70,True
1641965220.561867,-69,True
1641965220.671502,-63,True
1641965220.7791367,-69,True
1641965220.8863795,-63,True
1641965221.20843,-70,True
1641965221.4225957,-63,True
1641965221.527901,-70,True
1641965221.6350741,-63,True
1641965221.7390616,-70,True
1641965221.8475308,-62,True
1641965221.9520183,-71,True
1641965222.057522,-62,True
1641965222.161847,-71,True
1641965222.268692,-62,True
1641965222.3743823,-69,True
1641965222.5867891,-70,True
1641965222.6916037,-70,True
1641965222.7967749,-71,True
1641965222.9015076,-60,True
1641965223.1116192,-69,True
1641965223.216757,-70,True
1641965223.3214738,-68,True
1641965223.4323876,-63,True
1641965223.536537,-68,True
1641965223.6474442,-64,True
1641965223.7567024,-70,True
1641965223.8652637,-68,True
1641965223.972345,-62,True
1641965224.0777192,-68,True
1641965227.283638,-68,True
1641965227.39337,-63,True
1641965227.5013394,-70,True
1641965227.6082113,-63,True
1641965227.711394,-70,True
1641965227.9287953,-70,True
1641965228.0373163,-68,True
1641965228.1457818,-62,True
1641965228.2526197,-69,True
1641965228.4687314,-69,True
1641965228.5773792,-68,True
1641965228.683203,-63,True
1641965228.791255,-69,True
1641965228.8994586,-62,True
1641965229.0048883,-71,True
1641965229.1110022,-68,True
1641965229.2205696,-62,True
1641965229.3271942,-69,True
1641965229.435548,-63,True
1641965229.5436926,-69,True
1641965229.758613,-69,True
1641965229.8670387,-69,True
1641965229.9767435,-62,True
1641965230.0822752,-69,True
1641965230.1908329,-69,True
1641965230.2959933,-71,True
1641965230.401974,-69,True
1641965230.511668,-63,True
1641965230.6156986,-69,True
1641965230.7216475,-62,True
1641965230.8256721,-69,True
1641965230.9328673,-62,True
1641965231.1492016,-62,True
1641965231.2585864,-69,True
1641965231.363128,-69,True
1641965231.468412,-69,True
1641965231.5731688,-69,True
1641965231.684118,-62,True
1641965231.787907,-68,True
1641965231.8940227,-63,True
1641965232.0009496,-70,True
1641965232.1065,-62,True
1641965232.2122152,-69,True
1641965232.3176835,-63,True
1641965232.425782,-68,True
1641965232.5306265,-69,True
1641965232.6370904,-70,True
1641965232.741735,-69,True
1641965232.8470535,-69,True
1641965233.0626912,-62,True
1641965233.1679626,-68,True
1641965233.2790167,-63,True
1641965233.3857574,-69,True
1641965233.4904828,-69,True
1641965233.6001797,-62,True
1641965233.7041264,-69,True
1641965233.8150685,-63,True
1641965233.9207084,-69,True
1641965234.0263925,-62,True
1641965234.1306942,-69,True
1641965236.2814307,-69,True
1641965236.386692,-68,True
1641965236.4913127,-68,True
1641965236.5980139,-69,True
1641965236.7025616,-69,True
1641965236.81349,-63,True
1641965237.0285788,-62,True
1641965237.1328366,-70,True
1641965237.3453166,-68,True
1641965237.4524684,-69,True
1641965237.5578501,-70,True
1641965237.666275,-69,True
1641965237.7746658,-62,True
1641965237.8815126,-70,True
1641965238.0996664,-62,True
1641965238.203861,-69,True
1641965238.3146846,-62,True
1641965238.527058,-62,True
1641965238.6364737,-69,True
1641965238.8496165,-62,True
1641965238.9535728,-69,True
1641965239.0608146,-62,True
1641965239.1648073,-69,True
1641965239.270757,-63,True
1641965239.3760333,-68,True
1641965239.4857454,-63,True
1641965239.5937698,-69,True
1641965239.70227,-68,True
1641965239.8119419,-63,True
1641965240.0309637,-69,True
1641965240.1419227,-65,True
1641965240.2459414,-69,True
1641965240.3532348,-63,True
1641965240.462434,-71,True
1641965240.5683224,-65,True
1641965240.6762712,-71,True
1641965240.7847838,-69,True
1641965240.8956404,-63,True
1641965241.003708,-72,True
1641965241.2150283,-69,True
1641965241.4305055,-65,True
1641965241.6443079,-64,True
1641965241.855557,-64,True
1641965241.9611044,-72,True
1641965242.0667663,-65,True
1641965242.1747618,-71,True
1641965242.2795796,-70,True
1641965242.3892708,-64,True
1641965242.4967904,-72,True
1641965242.7135289,-72,True
1641965242.823256,-69,True
1641965242.931707,-65,True
1641965243.1507037,-69,True
1641965245.2804449,-69,True
1641965245.390083,-64,True
1641965245.4954216,-69,True
1641965245.6013725,-64,True
1641965245.7093554,-70,True
1641965245.8150527,-63,True
1641965245.9219084,-70,True
1641965246.1343217,-70,True
1641965246.2391763,-69,True
1641965246.3443797,-70,True
1641965246.4503412,-69,True
1641965246.5588193,-62,True
1641965246.6663392,-68,True
1641965246.7775722,-63,True
1641965246.8830779,-69,True
1641965246.9890726,-70,True
1641965247.094297,-70,True
1641965247.2003136,-70,True
1641965247.3054645,-69,True
1641965247.4114883,-69,True
1641965247.5186977,-63,True
1641965247.6239223,-68,True
1641965247.7324204,-62,True
1641965248.16133,-69,True
1641965248.2696166,-63,True
1641965248.484761,-63,True
1641965248.5915544,-70,True
1641965248.802783,-70,True
1641965249.012776,-71,True
1641965249.1211653,-68,True
1641965249.2265494,-69,True
1641965249.3336954,-69,True
1641965249.4446566,-62,True
1641965249.5527549,-70,True
1641965249.662364,-69,True
1641965249.7683945,-63,True
1641965249.8748567,-69,True
1641965249.980872,-62,True
1641965250.0889194,-70,True
1641965250.1986105,-70,True
1641965250.3039694,-70,True
1641965250.4085622,-69,True
1641965250.513928,-70,True
1641965250.6197689,-68,True
1641965250.7251866,-69,True
1641965250.8297992,-69,True
1641965250.9350634,-69,True
1641965251.0434694,-69,True
1641965251.1494975,-63,True
1641965251.3644667,-63,True
1641965251.4701035,-69,True
1641965251.575627,-62,True
1641965251.6800883,-69,True
1641965251.7870584,-63,True
1641965251.89124,-70,True
1641965251.9969683,-62,True
1641965252.1037931,-70,True
1641965254.2794232,-68,True
1641965254.3876853,-62,True
1641965254.6027133,-63,True
1641965254.8138812,-63,True
1641965254.9234838,-69,True
1641965255.030574,-69,True
1641965255.1359174,-69,True
1641965255.2418067,-69,True
1641965255.3501434,-62,True
1641965255.4554844,-69,True
1641965255.561397,-63,True
1641965255.6654484,-69,True
1641965255.7764606,-62,True
1641965255.8834047,-69,True
1641965255.9916792,-69,True
1641965256.0974967,-62,True
1641965256.2053025,-69,True
1641965256.3124795,-62,True
1641965256.418336,-69,True
1641965256.525011,-62,True
1641965256.6308393,-69,True
1641965256.7403545,-69,True
1641965256.8457673,-69,True
1641965256.9503171,-70,True
1641965257.0557332,-69,True
1641965257.1627119,-70,True
1641965257.3740075,-69,True
1641965257.479853,-62,True
1641965257.5851562,-70,True
1641965257.6910856,-62,True
1641965257.799454,-70,True
1641965257.907679,-69,True
1641965258.1251419,-68,True
1641965258.2309468,-62,True
1641965258.3350468,-68,True
1641965258.4460576,-62,True
1641965258.6576633,-68,True
1641965258.8726313,-69,True
1641965259.0881603,-71,True
1641965259.196037,-62,True
1641965259.3017757,-69,True
1641965259.5117338,-69,True
1641965259.7230344,-71,True
1641965259.8312082,-69,True
1641965259.939666,-63,True
1641965260.0492601,-69,True
1641965260.1546128,-63,True
1641965260.2591877,-70,True
1641965260.3687572,-70,True
1641965260.4742327,-70,True
1641965260.5824857,-69,True
1641965260.6907768,-62,True
1641965260.8003778,-70,True
1641965260.908729,-69,True
1641965261.015379,-69,True
1641965261.1224158,-70,True
1641965263.3083975,-69,True
1641965263.413804,-69,True
1641965263.5209012,-69,True
1641965263.7345254,-69,True
1641965263.8405545,-62,True
1641965264.0504622,-62,True
1641965264.1545148,-69,True
1641965264.2629623,-62,True
1641965264.4741151,-63,True
1641965264.5824385,-69,True
1641965264.6869273,-69,True
1641965264.7923737,-70,True
1641965264.8993993,-69,True
1641965265.004822,-68,True
1641965265.110629,-69,True
1641965265.4327548,-62,True
1641965265.5398026,-69,True
1641965265.9752502,-62,True
1641965266.1894894,-69,True
1641965266.2976534,-63,True
1641965266.5137675,-63,True
1641965266.6185346,-69,True
1641965266.7237606,-63,True
1641965266.8309247,-72,True
1641965266.9380846,-68,True
1641965267.148121,-68,True
1641965267.2575343,-63,True
1641965267.4751196,-62,True
1641965267.5809128,-68,True
1641965267.687994,-69,True
1641965267.899178,-70,True
1641965273.235846,-68,True
1641965273.3424594,-70,True
1641965273.4471076,-69,True
1641965273.5565624,-63,True
1641965273.660755,-70,True
1641965273.768982,-62,True
1641965273.8747811,-69,True
1641965273.9804115,-62,True
1641965274.0847085,-70,True
1641965274.1917365,-62,True
1641965274.2963235,-69,True
1641965274.5125349,-69,True
1641965274.6185174,-69,True
1641965274.7290957,-63,True
1641965274.837503,-70,True
1641965274.9440916,-62,True
1641965275.0512261,-69,True
1641965275.1570528,-69,True
1641965275.2636864,-69,True
1641965275.3683434,-68,True
1641965275.47651,-62,True
1641965275.5845752,-69,True
1641965275.6903486,-62,True
1641965275.79882,-69,True
1641965275.904057,-62,True
1641965276.008682,-69,True
1641965276.11577,-69,True
1641965276.2212682,-69,True
1641965276.3294437,-69,True
1641965276.4402452,-62,True
1641965276.5445473,-69,True
1641965276.6514797,-63,True
1641965276.7599032,-70,True
1641965276.9699905,-71,True
1641965277.1799583,-69,True
1641965277.2894375,-69,True
1641965277.5018141,-69,True
1641965277.6115236,-63,True
1641965277.7211654,-69,True
1641965277.825669,-69,True
1641965277.9312727,-69,True
1641965278.0367894,-70,True
1641965278.2492533,-69,True
1641965278.3575482,-62,True
1641965278.464392,-69,True
1641965278.5725183,-62,True
1641965278.6797576,-69,True
1641965278.999192,-69,True
1641965279.2118223,-69,True
1641965279.3200097,-62,True
1641965279.4270782,-71,True
1641965279.532415,-62,True
1641965279.6395564,-69,True
1641965279.7491705,-69,True
1641965279.9627862,-69,True
1641965280.071119,-63,True
1641965280.1757417,-69,True
1641965283.328028,-70,True
1641965283.4319322,-63,True
1641965283.5366952,-68,True
1641965283.641956,-63,True
1641965283.8584583,-69,True
1641965284.0684783,-69,True
1641965284.1755435,-63,True
1641965284.2823117,-70,True
1641965284.391782,-62,True
1641965284.4990137,-69,True
1641965284.7090561,-69,True
1641965284.817109,-68,True
1641965284.9280384,-62,True
1641965285.0364544,-69,True
1641965285.2525814,-69,True
1641965285.3583388,-69,True
1641965285.5683541,-69,True
1641965285.676651,-62,True
1641965285.7851262,-70,True
1641965285.8903723,-62,True
1641965285.9951344,-69,True
1641965286.1029413,-62,True
1641965286.2101507,-69,True
1641965286.3183143,-69,True
1641965286.4266853,-63,True
1641965286.5306888,-69,True
1641965286.6391408,-63,True
1641965286.747712,-68,True
1641965286.8557324,-69,True
1641965286.962516,-69,True
1641965287.0695114,-70,True
1641965287.175262,-63,True
1641965287.2820337,-69,True
1641965287.390289,-62,True
1641965287.4950418,-69,True
1641965287.6002178,-62,True
1641965287.7049294,-70,True
1641965287.8128045,-62,True
1641965287.9199107,-71,True
1641965288.0256023,-69,True
1641965288.135141,-62,True
1641965288.2431953,-69,True
1641965288.350132,-62,True
1641965288.4548512,-69,True
1641965288.564315,-69,True
1641965288.7791743,-68,True
1641965288.885056,-63,True
1641965288.9903905,-69,True
1641965289.0963364,-63,True
1641965289.2005193,-69,True
1641965293.3347719,-70,True
1641965293.4443383,-62,True
1641965293.5485368,-71,True
1641965293.6580803,-63,True
1641965293.7678418,-68,True
1641965293.9793277,-70,True
1641965294.0861707,-70,True
1641965294.2975676,-70,True
1641965294.5098586,-69,True
1641965294.615758,-62,True
1641965294.7242262,-70,True
1641965294.8294833,-62,True
1641965294.9342082,-70,True
1641965295.2573576,-70,True
1641965295.3656774,-62,True
1641965295.4740515,-70,True
1641965295.7918835,-62,True
1641965295.896595,-70,True
1641965296.1114168,-70,True
1641965296.2158456,-69,True
1641965296.3213959,-70,True
1641965296.4258227,-69,True
1641965296.5354548,-63,True
1641965296.6395452,-69,True
1641965296.749182,-63,True
1641965296.8539946,-70,True
1641965297.1717417,-62,True
1641965297.2766,-69,True
1641965297.3846238,-69,True
1641965297.5983274,-70,True
1641965297.7042022,-62,True
1641965297.810778,-69,True
1641965297.9167192,-62,True
1641965298.0238,-70,True
1641965298.129049,-62,True
1641965298.2339556,-70,True
1641965298.4488208,-69,True
1641965298.5543616,-70,True
1641965298.6610553,-69,True
1641965298.765583,-68,True
1641965298.980588,-69,True
1641965299.0889385,-62,True
1641965299.1936731,-71,True
1641965304.3346865,-63,True
1641965304.445525,-69,True
1641965304.5509362,-62,True
1641965304.655474,-70,True
1641965304.7635596,-69,True
1641965304.8732553,-63,True
1641965304.9811926,-69,True
1641965305.090799,-62,True
1641965305.200274,-69,True
1641965305.3061037,-69,True
1641965305.517281,-69,True
1641965305.6234312,-63,True
1641965305.7273042,-70,True
1641965305.8370755,-63,True
1641965306.050819,-61,True
1641965306.1554406,-70,True
1641965306.4772696,-70,True
1641965306.583192,-62,True
1641965306.6910844,-68,True
1641965306.8008087,-62,True
1641965306.9066243,-69,True
1641965307.014776,-69,True
1641965307.1202762,-69,True
1641965307.2296407,-69,True
1641965307.335712,-62,True
1641965307.4440198,-69,True
1641965307.6565137,-69,True
1641965307.8677726,-69,True
1641965307.9745424,-69,True
1641965308.0855954,-62,True
1641965308.1896296,-70,True
1641965308.295605,-63,True
1641965308.5104735,-62,True
1641965308.6163478,-69,True
1641965308.7231953,-70,True
1641965308.8329077,-63,True
1641965308.9369192,-68,True
1641965309.0441492,-62,True
1641965309.1494024,-69,True
1641965312.629116,-70,True
1641965312.735066,-62,True
1641965312.8389359,-69,True
1641965312.9475932,-62,True
1641965313.052205,-69,True
1641965313.264576,-68,True
1641965313.3701174,-63,True
1641965313.4745266,-70,True
1641965313.5826726,-69,True
1641965313.798929,-69,True
1641965313.9088705,-62,True
1641965314.0182638,-69,True
1641965314.1263542,-69,True
1641965314.2351332,-63,True
1641965314.3401313,-69,True
1641965314.449973,-63,True
1641965314.5544298,-69,True
1641965314.769403,-69,True
1641965314.8762836,-69,True
1641965314.9836836,-63,True
1641965315.0888264,-70,True
1641965315.1961129,-63,True
1641965315.305677,-69,True
1641965315.5168023,-69,True
1641965315.7267807,-69,True
1641965315.8338218,-69,True
1641965315.9422693,-63,True
1641965316.04627,-70,True
1641965316.1573365,-63,True
1641965316.2618296,-69,True
1641965316.3685324,-62,True
1641965316.4766695,-68,True
1641965316.58611,-70,True
1641965316.8030198,-68,True
1641965316.912388,-69,True
1641965317.0234149,-62,True
1641965317.1272686,-69,True
1641965317.2333734,-63,True
1641965317.3416607,-69,True
1641965317.5565937,-69,True
1641965317.6622033,-69,True
1641965317.7689936,-69,True
1641965317.877169,-68,True
1641965317.9870298,-63,True
1641965318.0915418,-69,True
1641965323.352747,-62,True
1641965323.4621813,-69,True
1641965323.5677881,-62,True
1641965323.6721754,-69,True
1641965323.8858817,-70,True
1641965323.9953487,-70,True
1641965324.1052048,-62,True
1641965324.2091298,-70,True
1641965324.3176503,-63,True
1641965324.4272408,-71,True
1641965324.5314457,-70,True
1641965324.6413343,-62,True
1641965324.750936,-70,True
1641965324.8563688,-62,True
1641965324.9609056,-69,True
1641965325.0662396,-62,True
1641965325.1733837,-69,True
1641965325.2814775,-68,True
1641965325.3870022,-69,True
1641965325.4927008,-69,True
1641965325.7050545,-70,True
1641965325.8125284,-62,True
1641965325.9163032,-68,True
1641965326.0237637,-63,True
1641965326.1276486,-69,True
1641965326.2387004,-62,True
1641965326.3470135,-69,True
1641965326.451262,-70,True
1641965326.5568612,-69,True
1641965326.662592,-69,True
1641965326.876247,-69,True
1641965326.9872115,-62,True
1641965327.091888,-70,True
1641965327.1972682,-62,True
1641965327.305565,-70,True
1641965327.4136357,-68,True
1641965327.5222154,-63,True
1641965327.6261013,-68,True
1641965327.7323396,-62,True
1641965327.8385968,-68,True
1641965327.9446993,-62,True
1641965333.350232,-69,True
1641965333.566483,-68,True
1641965333.6775012,-63,True
1641965333.7846148,-68,True
1641965333.996134,-71,True
1641965334.1003034,-68,True
1641965334.2060544,-69,True
1641965334.3105397,-69,True
1641965334.4185627,-68,True
1641965334.526572,-68,True
1641965334.6364317,-63,True
1641965334.7410061,-68,True
1641965334.9571514,-68,True
1641965335.0615826,-69,True
1641965335.167115,-68,True
1641965335.2714918,-68,True
1641965335.3773167,-67,True
1641965335.4814672,-69,True
1641965335.5914457,-63,True
1641965335.7009034,-67,True
1641965335.9184716,-68,True
1641965336.023906,-69,True
1641965336.1337593,-63,True
1641965336.2408447,-67,True
1641965336.3462539,-63,True
1641965336.4533525,-67,True
1641965336.6657844,-69,True
1641965336.7727773,-68,True
1641965336.8798919,-63,True
1641965336.983944,-69,True
1641965337.090047,-63,True
1641965337.1951826,-68,True
1641965337.3050363,-64,True
1641965337.413225,-68,True
1641965337.520188,-69,True
1641965337.6310985,-63,True
1641965337.7351522,-69,True
1641965337.841189,-63,True
1641965338.0510676,-63,True
1641965338.156365,-69,True
1641965343.3496802,-70,True
1641965343.456513,-63,True
1641965343.5648875,-69,True
1641965343.6691918,-69,True
1641965343.7802594,-64,True
1641965343.8844302,-69,True
1641965343.9905205,-64,True
1641965344.0942624,-70,True
1641965344.2004378,-64,True
1641965344.3042357,-70,True
1641965344.4104996,-63,True
1641965344.5168881,-70,True
1641965344.6265535,-64,True
1641965344.7335813,-70,True
1641965344.839402,-70,True
1641965344.944842,-70,True
1641965345.1603048,-64,True
1641965345.2667022,-70,True
1641965345.3764427,-63,True
1641965345.4833944,-67,True
1641965345.5916402,-71,True
1641965345.6973326,-68,True
1641965345.8041193,-69,True
1641965345.9127293,-63,True
1641965346.0166214,-69,True
1641965346.234661,-68,True
1641965346.3428419,-69,True
1641965346.4540236,-63,True
1641965346.562044,-67,True
1641965346.98455,-67,True
1641965347.0915213,-68,True
1641965347.197283,-69,True
1641965347.306543,-70,True
1641965347.4162433,-63,True
1641965347.6263378,-63,True
1641965347.734631,-69,True
1641965347.8390546,-68,True
1641965347.9470646,-70,True
1641965348.0528908,-69,True
1641965348.1588757,-63,True
1641965348.262878,-70,True
1641965348.373859,-63,True
1641965348.4806085,-69,True
1641965348.5860393,-63,True
1641965348.6931853,-68,True
1641965348.7990408,-69,True
1641965348.9086528,-63,True
1641965349.121174,-63,True
1641965349.2264621,-69,True
1641965349.336034,-63,True
1641965349.4404807,-68,True
1641965349.5459113,-63,True
1641965349.650456,-68,True
1641965349.7559025,-64,True
1641965349.8641875,-69,True
1641965349.970197,-66,True
1641965350.075399,-68,True
1641965350.180174,-68,True
1641965354.3781655,-69,True
1641965354.4821663,-69,True
1641965354.5893016,-69,True
1641965354.694647,-70,True
1641965354.8017695,-69,True
1641965354.9117155,-63,True
1641965355.01574,-69,True
1641965355.1217499,-64,True
1641965355.3329291,-63,True
1641965355.6535692,-69,True
1641965355.760726,-70,True
1641965355.8704753,-63,True
1641965355.974466,-70,True
1641965356.080435,-63,True
1641965356.1884754,-68,True
1641965356.298218,-69,True
1641965356.4035425,-68,True
1641965356.616025,-69,True
1641965356.7243328,-69,True
1641965356.835226,-62,True
1641965356.9409912,-69,True
1641965357.1510699,-70,True
1641965357.3610148,-68,True
1641965357.5746322,-69,True
1641965357.6794102,-69,True
1641965357.78584,-68,True
1641965357.8917434,-68,True
1641965357.9977853,-63,True
1641965358.1016095,-69,True
1641965358.2077081,-63,True
1641965358.3129544,-69,True
1641965358.5295904,-69,True
1641965358.6378598,-69,True
1641965358.743132,-68,True
1641965358.8491445,-69,True
1641965358.9543433,-68,True
1641965359.0591247,-69,True
1641965359.1674628,-63,True
1641965359.2740774,-69,True
1641965359.3825154,-63,True
1641965359.4907174,-69,True
1641965359.5989115,-69,True
1641965359.7056212,-70,True
1641965359.8101757,-69,True
1641965359.9199038,-63,True
1641965360.0238917,-69,True
1641965360.133645,-63,True
1641965360.2429912,-67,True
1641965362.3876054,-70,True
1641965362.6011472,-70,True
1641965362.708606,-65,True
1641965363.0314968,-70,True
1641965363.1374745,-69,True
1641965363.2440257,-69,True
1641965363.3486283,-69,True
1641965363.4553638,-69,True
1641965363.564772,-68,True
1641965363.6707578,-64,True
1641965363.774768,-69,True
1641965363.8831565,-63,True
1641965363.9875953,-68,True
1641965364.0933108,-63,True
1641965364.3043873,-64,True
1641965364.4112046,-69,True
1641965364.6212528,-67,True
1641965364.8337986,-69,True
1641965364.9396708,-69,True
1641965365.0469286,-63,True
1641965365.1509697,-70,True
1641965365.2618418,-63,True
1641965365.578691,-69,True
1641965365.6883528,-69,True
1641965365.7980478,-63,True
1641965365.902001,-70,True
1641965366.0091965,-63,True
1641965366.1132534,-69,True
1641965366.2229235,-63,True
1641965366.327269,-68,True
1641965366.5411289,-68,True
1641965366.6482868,-69,True
1641965366.7579563,-64,True
1641965366.97399,-63,True
1641965367.0785706,-69,True
1641965367.1840022,-63,True
1641965372.3863897,-68,True
1641965372.600121,-68,True
1641965372.8157184,-62,True
1641965372.921487,-69,True
1641965373.0285702,-63,True
1641965373.1326418,-69,True
1641965373.2383897,-63,True
1641965373.3435938,-70,True
1641965373.453312,-63,True
1641965373.5589876,-68,True
1641965373.6661983,-69,True
1641965373.876376,-69,True
1641965373.9815176,-67,True
1641965374.0861502,-69,True
1641965374.1958475,-63,True
1641965374.302427,-68,True
1641965374.4083562,-63,True
1641965374.5123518,-68,True
1641965374.6207418,-63,True
1641965374.7276144,-67,True
1641965374.938888,-67,True
1641965375.148868,-68,True
1641965375.2560096,-60,True
1641965375.3612943,-68,True
1641965375.4659843,-69,True
1641965375.6822517,-69,True
1641965375.7881923,-63,True
1641965376.0006628,-63,True
1641965376.3212326,-68,True
1641965376.4296188,-70,True
1641965376.535555,-63,True
1641965376.6395638,-69,True
1641965376.747994,-63,True
1641965376.8532531,-69,True
1641965376.9605098,-63,True
1641965377.0661342,-68,True
1641965377.2798305,-68,True
1641965377.388425,-68,True
1641965377.493685,-68,True
1641965377.600769,-69,True
1641965377.7067716,-63,True
1641965377.8107522,-68,True
1641965377.9203851,-63,True
1641965378.0286102,-69,True
1641965378.2436523,-68,True
1641965383.503247,-63,True
1641965383.607876,-70,True
1641965383.7178588,-69,True
1641965383.827828,-63,True
1641965383.9376554,-70,True
1641965384.2552507,-64,True
1641965384.4711692,-68,True
1641965384.5765865,-70,True
1641965384.6854196,-69,True
1641965384.79522,-64,True
1641965385.0083406,-64,True
1641965385.1127398,-68,True
1641965385.2202427,-69,True
1641965385.3269596,-68,True
1641965385.43444,-69,True
1641965385.5407488,-63,True
1641965385.6449072,-69,True
1641965385.751216,-63,True
1641965385.857885,-69,True
1641965385.9640827,-63,True
1641965386.0736532,-68,True
1641965386.182364,-69,True
1641965386.2878456,-69,True
1641965386.3928554,-69,True
1641965386.5040102,-63,True
1641965386.6084034,-69,True
1641965386.718324,-63,True
1641965386.9311533,-63,True
1641965387.0407686,-69,True
1641965387.1496582,-69,True
1641965387.2570143,-63,True
1641965387.3612745,-69,True
1641965387.4699738,-63,True
1641965387.5756688,-68,True
1641965387.684205,-62,True
1641965387.7924523,-68,True
1641965387.9011965,-69,True
1641965388.0072887,-64,True
1641965388.2240565,-64,True
1641965388.332403,-68,True
1641965388.4373798,-69,True
1641965388.5440807,-68,True
1641965388.7544746,-70,True
1641965388.8644059,-69,True
1641965388.9730892,-63,True
1641965389.1889668,-69,True
1641965394.4209113,-69,True
1641965394.5291986,-46,True
1641965394.6335933,-53,True
1641965394.7397714,-63,True
1641965394.8441794,-70,True
1641965394.9501233,-61,True
1641965395.1655636,-63,True
1641965395.37593,-63,True
1641965395.484391,-68,True
1641965395.5902739,-63,True
1641965395.6947944,-68,True
1641965395.8021114,-69,True
1641965395.9131835,-63,True
1641965396.0187812,-69,True
1641965396.1298702,-63,True
1641965396.2384696,-68,True
1641965396.3431861,-69,True
1641965396.4488823,-68,True
1641965396.5585594,-69,True
1641965396.6646483,-63,True
1641965396.882675,-63,True
1641965396.991187,-69,True
1641965397.0959556,-69,True
1641965397.20272,-68,True
1641965397.308778,-69,True
1641965397.4199798,-63,True
1641965397.6327748,-63,True
1641965397.7388542,-68,True
1641965397.8461065,-69,True
1641965397.9530096,-67,True
1641965398.057723,-69,True
1641965398.1662867,-62,True
1641965398.2741842,-70,True
1641965398.3816025,-63,True
1641965398.60127,-69,True
1641965398.7096958,-62,True
1641965398.8151734,-69,True
1641965398.9238439,-63,True
1641965399.031232,-68,True
1641965399.2428815,-68,True
1641965404.4381442,-68,True
1641965404.654595,-68,True
1641965404.7630768,-69,True
1641965404.8707786,-63,True
1641965404.9749274,-69,True
1641965405.0809758,-63,True
1641965405.1853392,-69,True
1641965405.2912915,-63,True
1641965405.4000247,-68,True
1641965405.5081708,-64,True
1641965405.6127088,-67,True
1641965405.7199893,-69,True
1641965405.8310347,-62,True
1641965406.047604,-63,True
1641965406.1536102,-68,True
1641965406.2592092,-63,True
1641965406.3664582,-69,True
1641965406.5859988,-63,True
1641965406.69198,-68,True
1641965406.8001008,-63,True
1641965406.9073467,-69,True
1641965407.0145342,-69,True
1641965407.123073,-63,True
1641965407.2286234,-70,True
1641965407.335906,-63,True
1641965407.444498,-68,True
1641965407.5500162,-63,True
1641965407.6599393,-68,True
1641965407.7695096,-69,True
1641965407.8768613,-63,True
1641965407.9854531,-67,True
1641965408.0909486,-63,True
1641965408.200806,-68,True
1641965408.306671,-69,True
1641965408.4165616,-63,True
1641965408.5263314,-69,True
1641965408.631774,-63,True
1641965408.739168,-68,True
1641965408.8463411,-69,True
1641965408.9561336,-63,True
1641965409.060435,-70,True
1641965409.1688938,-63,True
1641965409.3830183,-64,True
1641965409.4917216,-68,True
1641965409.5987108,-69,True
1641965409.925197,-63,True
1641965410.0299532,-68,True
1641965410.1354604,-63,True
1641965410.2427566,-68,True
1641965412.5746136,-69,True
1641965412.6856234,-63,True
1641965412.7928874,-69,True
1641965412.8984725,-63,True
1641965413.0032775,-68,True
1641965413.111708,-68,True
1641965413.2173457,-68,True
1641965413.324346,-69,True
1641965413.434311,-63,True
1641965413.6482942,-63,True
1641965413.7530744,-68,True
1641965413.9671407,-68,True
1641965414.17867,-68,True
1641965414.2848437,-68,True
1641965414.3903615,-67,True
1641965414.4986484,-70,True
1641965414.6047788,-64,True
1641965414.7114398,-70,True
1641965414.8175895,-64,True
1641965415.0302463,-63,True
1641965415.135331,-67,True
1641965415.3466475,-68,True
1641965415.560758,-68,True
1641965415.6680784,-69,True
1641965415.777682,-63,True
1641965415.9942985,-63,True
1641965416.10032,-67,True
1641965416.317482,-67,True
1641965416.420442,-69,True
1641965416.5287101,-63,True
1641965416.634239,-68,True
1641965416.7415853,-63,True
1641965416.9544725,-63,True
1641965417.0605326,-69,True
1641965417.1659524,-63,True
1641965417.2744899,-69,True
1641965417.3804748,-69,True
1641965417.5919728,-69,True
1641965417.8059819,-68,True
1641965417.9131436,-63,True
1641965418.1247628,-62,True
1641965418.447328,-68,True
1641965418.5545528,-69,True
1641965418.662946,-63,True
1641965418.7715235,-68,True
1641965418.9843872,-68,True
1641965419.1947613,-68,True
1641965424.5080526,-66,True
1641965424.6175637,-69,True
1641965424.7245033,-66,True
1641965424.8292162,-69,True
1641965424.9400778,-64,True
1641965425.0456746,-68,True
1641965425.152958,-64,True
1641965425.2615225,-65,True
1641965425.3687131,-68,True
1641965425.4742424,-65,True
1641965425.5789518,-69,True
1641965425.6845345,-66,True
1641965425.792884,-69,True
1641965426.0031745,-69,True
1641965426.1116652,-64,True
1641965426.2160223,-70,True
1641965426.3256366,-65,True
1641965426.4303544,-65,True
1641965426.5400877,-68,True
1641965426.7541482,-69,True
1641965426.861377,-64,True
1641965426.9670017,-69,True
1641965427.073984,-65,True
1641965427.1814444,-65,True
1641965427.288185,-64,True
1641965427.3966548,-65,True
1641965427.501398,-69,True
1641965427.7115705,-68,True
1641965427.8171277,-66,True
1641965427.9230316,-69,True
1641965428.028573,-64,True
1641965428.1345313,-68,True
1641965428.240079,-67,True
1641965428.3460422,-69,True
1641965428.453183,-63,True
1641965428.5577285,-68,True
1641965428.6647093,-63,True
1641965428.7734144,-65,True
1641965428.9887488,-69,True
1641965429.0944784,-65,True
1641965429.20021,-66,True
1641965429.3096905,-68,True
1641965429.4155648,-63,True
1641965429.5212827,-68,True
1641965429.6283648,-65,True
1641965429.7370708,-65,True
1641965429.8453395,-70,True
1641965429.9521892,-66,True
1641965430.056967,-69,True
1641965430.165221,-64,True
1641965430.2696443,-69,True
1641965430.3754203,-64,True
1641965430.4799387,-68,True
1641965430.589516,-64,True
1641965430.6938472,-69,True
1641965430.7998183,-63,True
1641965430.904192,-67,True
1641965431.0100467,-64,True
1641965431.1161368,-67,True
1641965431.2257185,-67,True
1641965431.332647,-65,True
1641965434.5200372,-67,True
1641965434.6268022,-72,True
1641965434.8430102,-66,True
1641965434.9482946,-66,True
1641965435.2658067,-67,True
1641965435.371469,-66,True
1641965435.4772058,-64,True
1641965435.58544,-68,True
1641965435.6939616,-64,True
1641965435.7994697,-69,True
1641965435.90535,-65,True
1641965436.0139446,-67,True
1641965436.119359,-66,True
1641965436.225362,-71,True
1641965436.3323917,-72,True
1641965436.5440357,-70,True
1641965436.6496089,-66,True
1641965436.7580583,-69,True
1641965436.9726295,-72,True
1641965437.1854572,-74,True
1641965437.3981798,-72,True
1641965437.507714,-73,True
1641965437.6149232,-61,True
1641965437.720388,-69,True
1641965437.8288996,-61,True
1641965437.9387646,-68,True
1641965438.0432153,-71,True
1641965438.258462,-69,True
1641965438.3645022,-64,True
1641965438.5783706,-63,True
1641965438.6826472,-63,True
1641965438.896027,-59,True
1641965439.001383,-62,True
1641965439.1062112,-63,True
1641965439.2144141,-68,True
1641965439.321386,-65,True
1641965443.5191934,-65,True
1641965443.7331474,-65,True
1641965443.8401577,-70,True
1641965443.9461327,-65,True
1641965444.0518036,-70,True
1641965444.265759,-71,True
1641965444.3729937,-70,True
1641965444.4785388,-70,True
1641965444.5844631,-70,True
1641965444.6887245,-70,True
1641965444.795953,-70,True
1641965444.9008148,-66,True
1641965445.0086997,-69,True
1641965445.1172447,-65,True
