index,time,uuid,rssi
0,1627788481.8472493,80b970d7-6e39-45a6-81c9-9a312d21e009,-67
1,1627788481.9806364,80b970d7-6e39-45a6-81c9-9a312d21e009,-64
2,1627788482.115014,80b970d7-6e39-45a6-81c9-9a312d21e009,-68
3,1627788482.2458174,80b970d7-6e39-45a6-81c9-9a312d21e009,-64
4,1627788482.3824937,80b970d7-6e39-45a6-81c9-9a312d21e009,-67
5,1627788482.5158005,80b970d7-6e39-45a6-81c9-9a312d21e009,-65
6,1627788482.7833073,80b970d7-6e39-45a6-81c9-9a312d21e009,-64
7,1627788483.0532892,80b970d7-6e39-45a6-81c9-9a312d21e009,-65
8,1627788483.3270214,80b970d7-6e39-45a6-81c9-9a312d21e009,-65
9,1627788483.4588606,80b970d7-6e39-45a6-81c9-9a312d21e009,-69
10,1627788483.5970492,80b970d7-6e39-45a6-81c9-9a312d21e009,-65
11,1627788483.8645587,80b970d7-6e39-45a6-81c9-9a312d21e009,-65
12,1627788484.002549,80b970d7-6e39-45a6-81c9-9a312d21e009,-68
13,1627788484.1345484,80b970d7-6e39-45a6-81c9-9a312d21e009,-65
14,1627788484.410852,80b970d7-6e39-45a6-81c9-9a312d21e009,-65
15,1627788484.5488038,80b970d7-6e39-45a6-81c9-9a312d21e009,-67
16,1627788484.6901207,80b970d7-6e39-45a6-81c9-9a312d21e009,-69
17,1627788484.818793,80b970d7-6e39-45a6-81c9-9a312d21e009,-68
18,1627788484.9538531,80b970d7-6e39-45a6-81c9-9a312d21e009,-68
19,1627788485.0920787,80b970d7-6e39-45a6-81c9-9a312d21e009,-64
20,1627788485.228828,80b970d7-6e39-45a6-81c9-9a312d21e009,-69
21,1627788485.3658745,80b970d7-6e39-45a6-81c9-9a312d21e009,-65
22,1627788485.6345985,80b970d7-6e39-45a6-81c9-9a312d21e009,-65
23,1627788485.765102,80b970d7-6e39-45a6-81c9-9a312d21e009,-70
24,1627788486.0363588,80b970d7-6e39-45a6-81c9-9a312d21e009,-70
25,1627788486.1675818,80b970d7-6e39-45a6-81c9-9a312d21e009,-68
26,1627788486.3088667,80b970d7-6e39-45a6-81c9-9a312d21e009,-70
27,1627788486.4400418,80b970d7-6e39-45a6-81c9-9a312d21e009,-68
28,1627788486.5751011,80b970d7-6e39-45a6-81c9-9a312d21e009,-71
29,1627788486.7088487,80b970d7-6e39-45a6-81c9-9a312d21e009,-67
30,1627788486.8395658,80b970d7-6e39-45a6-81c9-9a312d21e009,-65
31,1627788486.978881,80b970d7-6e39-45a6-81c9-9a312d21e009,-67
32,1627788487.1151829,80b970d7-6e39-45a6-81c9-9a312d21e009,-72
33,1627788487.2463624,80b970d7-6e39-45a6-81c9-9a312d21e009,-66
34,1627788487.3876426,80b970d7-6e39-45a6-81c9-9a312d21e009,-71
35,1627788487.5271363,80b970d7-6e39-45a6-81c9-9a312d21e009,-63
36,1627788487.6576254,80b970d7-6e39-45a6-81c9-9a312d21e009,-70
37,1627788487.7875988,80b970d7-6e39-45a6-81c9-9a312d21e009,-68
38,1627788487.925163,80b970d7-6e39-45a6-81c9-9a312d21e009,-72
39,1627788488.0634048,80b970d7-6e39-45a6-81c9-9a312d21e009,-64
40,1627788488.2026207,80b970d7-6e39-45a6-81c9-9a312d21e009,-67
41,1627788488.34389,80b970d7-6e39-45a6-81c9-9a312d21e009,-70
42,1627788488.4738963,80b970d7-6e39-45a6-81c9-9a312d21e009,-66
43,1627788488.6126704,80b970d7-6e39-45a6-81c9-9a312d21e009,-71
44,1627788488.7476547,80b970d7-6e39-45a6-81c9-9a312d21e009,-66
45,1627788488.8851395,80b970d7-6e39-45a6-81c9-9a312d21e009,-69
46,1627788489.0247633,80b970d7-6e39-45a6-81c9-9a312d21e009,-64
47,1627788489.1626065,80b970d7-6e39-45a6-81c9-9a312d21e009,-67
48,1627788489.302662,80b970d7-6e39-45a6-81c9-9a312d21e009,-71
49,1627788489.4434097,80b970d7-6e39-45a6-81c9-9a312d21e009,-64
50,1627788489.5789144,80b970d7-6e39-45a6-81c9-9a312d21e009,-71
51,1627788489.7160041,80b970d7-6e39-45a6-81c9-9a312d21e009,-65
52,1627788489.8551822,80b970d7-6e39-45a6-81c9-9a312d21e009,-68
53,1627788489.9859977,80b970d7-6e39-45a6-81c9-9a312d21e009,-65
54,1627788490.1164212,80b970d7-6e39-45a6-81c9-9a312d21e009,-70
55,1627788490.254663,80b970d7-6e39-45a6-81c9-9a312d21e009,-65
56,1627788490.3851943,80b970d7-6e39-45a6-81c9-9a312d21e009,-71
57,1627788490.5138958,80b970d7-6e39-45a6-81c9-9a312d21e009,-67
58,1627788490.6459577,80b970d7-6e39-45a6-81c9-9a312d21e009,-65
59,1627788490.7764192,80b970d7-6e39-45a6-81c9-9a312d21e009,-72
60,1627788490.913424,80b970d7-6e39-45a6-81c9-9a312d21e009,-65
61,1627788491.043923,80b970d7-6e39-45a6-81c9-9a312d21e009,-70
62,1627788491.3139267,80b970d7-6e39-45a6-81c9-9a312d21e009,-72
63,1627788491.4476345,80b970d7-6e39-45a6-81c9-9a312d21e009,-67
64,1627788491.58517,80b970d7-6e39-45a6-81c9-9a312d21e009,-70
65,1627788491.7176433,80b970d7-6e39-45a6-81c9-9a312d21e009,-66
66,1627788491.8526852,80b970d7-6e39-45a6-81c9-9a312d21e009,-71
67,1627788491.9876761,80b970d7-6e39-45a6-81c9-9a312d21e009,-68
68,1627788492.1226807,80b970d7-6e39-45a6-81c9-9a312d21e009,-70
69,1627788492.2539034,80b970d7-6e39-45a6-81c9-9a312d21e009,-68
70,1627788492.3884401,80b970d7-6e39-45a6-81c9-9a312d21e009,-65
71,1627788492.6546977,80b970d7-6e39-45a6-81c9-9a312d21e009,-64
72,1627788492.7852275,80b970d7-6e39-45a6-81c9-9a312d21e009,-70
73,1627788492.9234335,80b970d7-6e39-45a6-81c9-9a312d21e009,-64
74,1627788493.0576904,80b970d7-6e39-45a6-81c9-9a312d21e009,-70
75,1627788493.186458,80b970d7-6e39-45a6-81c9-9a312d21e009,-66
76,1627788493.3209743,80b970d7-6e39-45a6-81c9-9a312d21e009,-65
77,1627788493.5927324,80b970d7-6e39-45a6-81c9-9a312d21e009,-70
78,1627788493.8560205,80b970d7-6e39-45a6-81c9-9a312d21e009,-64
79,1627788493.988989,80b970d7-6e39-45a6-81c9-9a312d21e009,-71
80,1627788494.1189103,80b970d7-6e39-45a6-81c9-9a312d21e009,-68
81,1627788494.2589574,80b970d7-6e39-45a6-81c9-9a312d21e009,-69
82,1627788494.3876657,80b970d7-6e39-45a6-81c9-9a312d21e009,-67
83,1627788494.5239663,80b970d7-6e39-45a6-81c9-9a312d21e009,-70
84,1627788494.6539264,80b970d7-6e39-45a6-81c9-9a312d21e009,-66
85,1627788494.7927122,80b970d7-6e39-45a6-81c9-9a312d21e009,-70
86,1627788494.9264154,80b970d7-6e39-45a6-81c9-9a312d21e009,-68
87,1627788495.063964,80b970d7-6e39-45a6-81c9-9a312d21e009,-70
88,1627788495.1989212,80b970d7-6e39-45a6-81c9-9a312d21e009,-68
89,1627788495.3296251,80b970d7-6e39-45a6-81c9-9a312d21e009,-64
90,1627788495.4676592,80b970d7-6e39-45a6-81c9-9a312d21e009,-66
91,1627788495.6064692,80b970d7-6e39-45a6-81c9-9a312d21e009,-69
92,1627788495.7376645,80b970d7-6e39-45a6-81c9-9a312d21e009,-66
93,1627788495.873996,80b970d7-6e39-45a6-81c9-9a312d21e009,-70
94,1627788496.0039253,80b970d7-6e39-45a6-81c9-9a312d21e009,-67
95,1627788496.1396258,80b970d7-6e39-45a6-81c9-9a312d21e009,-63
96,1627788496.4072168,80b970d7-6e39-45a6-81c9-9a312d21e009,-65
97,1627788496.5402899,80b970d7-6e39-45a6-81c9-9a312d21e009,-70
98,1627788496.674693,80b970d7-6e39-45a6-81c9-9a312d21e009,-65
99,1627788496.9471934,80b970d7-6e39-45a6-81c9-9a312d21e009,-65
100,1627788497.2172053,80b970d7-6e39-45a6-81c9-9a312d21e009,-64
101,1627788497.3477504,80b970d7-6e39-45a6-81c9-9a312d21e009,-72
102,1627788497.478933,80b970d7-6e39-45a6-81c9-9a312d21e009,-67
103,1627788497.6153698,80b970d7-6e39-45a6-81c9-9a312d21e009,-71
104,1627788497.7534468,80b970d7-6e39-45a6-81c9-9a312d21e009,-64
105,1627788498.0272033,80b970d7-6e39-45a6-81c9-9a312d21e009,-64
106,1627788498.2947202,80b970d7-6e39-45a6-81c9-9a312d21e009,-64
107,1627788498.4254212,80b970d7-6e39-45a6-81c9-9a312d21e009,-71
108,1627788498.5647266,80b970d7-6e39-45a6-81c9-9a312d21e009,-64
109,1627788498.700319,80b970d7-6e39-45a6-81c9-9a312d21e009,-71
110,1627788498.8347044,80b970d7-6e39-45a6-81c9-9a312d21e009,-64
111,1627788498.9666371,80b970d7-6e39-45a6-81c9-9a312d21e009,-69
112,1627788499.1060133,80b970d7-6e39-45a6-81c9-9a312d21e009,-65
113,1627788499.2403347,80b970d7-6e39-45a6-81c9-9a312d21e009,-69
114,1627788499.368953,80b970d7-6e39-45a6-81c9-9a312d21e009,-68
115,1627788499.5028884,80b970d7-6e39-45a6-81c9-9a312d21e009,-70
116,1627788499.6401484,80b970d7-6e39-45a6-81c9-9a312d21e009,-67
117,1627788499.917224,80b970d7-6e39-45a6-81c9-9a312d21e009,-64
118,1627788500.1910372,80b970d7-6e39-45a6-81c9-9a312d21e009,-64
119,1627788500.3252137,80b970d7-6e39-45a6-81c9-9a312d21e009,-67
120,1627788500.4560657,80b970d7-6e39-45a6-81c9-9a312d21e009,-64
121,1627788500.58791,80b970d7-6e39-45a6-81c9-9a312d21e009,-72
122,1627788500.7260401,80b970d7-6e39-45a6-81c9-9a312d21e009,-65
123,1627788500.8603497,80b970d7-6e39-45a6-81c9-9a312d21e009,-73
124,1627788500.9890265,80b970d7-6e39-45a6-81c9-9a312d21e009,-68
125,1627788501.1196933,80b970d7-6e39-45a6-81c9-9a312d21e009,-64
126,1627788501.25528,80b970d7-6e39-45a6-81c9-9a312d21e009,-68
127,1627788501.3885229,80b970d7-6e39-45a6-81c9-9a312d21e009,-65
128,1627788501.5227423,80b970d7-6e39-45a6-81c9-9a312d21e009,-68
129,1627788501.6596835,80b970d7-6e39-45a6-81c9-9a312d21e009,-64
130,1627788501.7990446,80b970d7-6e39-45a6-81c9-9a312d21e009,-67
131,1627788501.9379318,80b970d7-6e39-45a6-81c9-9a312d21e009,-69
132,1627788502.0690007,80b970d7-6e39-45a6-81c9-9a312d21e009,-68
133,1627788502.2079175,80b970d7-6e39-45a6-81c9-9a312d21e009,-69
134,1627788502.3377259,80b970d7-6e39-45a6-81c9-9a312d21e009,-67
135,1627788502.4729319,80b970d7-6e39-45a6-81c9-9a312d21e009,-68
136,1627788502.602744,80b970d7-6e39-45a6-81c9-9a312d21e009,-66
137,1627788502.7385242,80b970d7-6e39-45a6-81c9-9a312d21e009,-65
138,1627788502.87527,80b970d7-6e39-45a6-81c9-9a312d21e009,-66
139,1627788503.012936,80b970d7-6e39-45a6-81c9-9a312d21e009,-69
140,1627788503.2772777,80b970d7-6e39-45a6-81c9-9a312d21e009,-64
141,1627788503.412784,80b970d7-6e39-45a6-81c9-9a312d21e009,-66
142,1627788503.543544,80b970d7-6e39-45a6-81c9-9a312d21e009,-64
143,1627788503.6804006,80b970d7-6e39-45a6-81c9-9a312d21e009,-71
144,1627788503.8123236,80b970d7-6e39-45a6-81c9-9a312d21e009,-64
145,1627788503.9454489,80b970d7-6e39-45a6-81c9-9a312d21e009,-72
146,1627788504.0822818,80b970d7-6e39-45a6-81c9-9a312d21e009,-64
147,1627788504.2142167,80b970d7-6e39-45a6-81c9-9a312d21e009,-70
148,1627788504.3477502,80b970d7-6e39-45a6-81c9-9a312d21e009,-67
149,1627788504.4867032,80b970d7-6e39-45a6-81c9-9a312d21e009,-71
150,1627788504.617775,80b970d7-6e39-45a6-81c9-9a312d21e009,-68
151,1627788504.7542465,80b970d7-6e39-45a6-81c9-9a312d21e009,-70
152,1627788504.8877604,80b970d7-6e39-45a6-81c9-9a312d21e009,-67
153,1627788505.0210803,80b970d7-6e39-45a6-81c9-9a312d21e009,-63
154,1627788505.1577692,80b970d7-6e39-45a6-81c9-9a312d21e009,-66
155,1627788505.2928972,80b970d7-6e39-45a6-81c9-9a312d21e009,-68
156,1627788505.4240296,80b970d7-6e39-45a6-81c9-9a312d21e009,-66
157,1627788505.5653477,80b970d7-6e39-45a6-81c9-9a312d21e009,-69
158,1627788505.6977758,80b970d7-6e39-45a6-81c9-9a312d21e009,-66
159,1627788505.8285716,80b970d7-6e39-45a6-81c9-9a312d21e009,-64
160,1627788506.0973127,80b970d7-6e39-45a6-81c9-9a312d21e009,-64
161,1627788506.3673155,80b970d7-6e39-45a6-81c9-9a312d21e009,-63
162,1627788506.4991252,80b970d7-6e39-45a6-81c9-9a312d21e009,-70
163,1627788506.6373186,80b970d7-6e39-45a6-81c9-9a312d21e009,-64
164,1627788506.7704208,80b970d7-6e39-45a6-81c9-9a312d21e009,-70
165,1627788506.9085746,80b970d7-6e39-45a6-81c9-9a312d21e009,-64
166,1627788507.044061,80b970d7-6e39-45a6-81c9-9a312d21e009,-67
167,1627788507.1748323,80b970d7-6e39-45a6-81c9-9a312d21e009,-64
168,1627788507.3140378,80b970d7-6e39-45a6-81c9-9a312d21e009,-67
169,1627788507.4485574,80b970d7-6e39-45a6-81c9-9a312d21e009,-64
170,1627788507.5827901,80b970d7-6e39-45a6-81c9-9a312d21e009,-67
171,1627788507.7229793,80b970d7-6e39-45a6-81c9-9a312d21e009,-69
172,1627788507.8623288,80b970d7-6e39-45a6-81c9-9a312d21e009,-64
173,1627788508.1302478,80b970d7-6e39-45a6-81c9-9a312d21e009,-66
174,1627788508.2630627,80b970d7-6e39-45a6-81c9-9a312d21e009,-69
175,1627788508.3978539,80b970d7-6e39-45a6-81c9-9a312d21e009,-65
176,1627788508.5379903,80b970d7-6e39-45a6-81c9-9a312d21e009,-71
177,1627788508.6734016,80b970d7-6e39-45a6-81c9-9a312d21e009,-64
178,1627788508.812812,80b970d7-6e39-45a6-81c9-9a312d21e009,-67
179,1627788508.9448235,80b970d7-6e39-45a6-81c9-9a312d21e009,-64
180,1627788509.0828059,80b970d7-6e39-45a6-81c9-9a312d21e009,-66
181,1627788509.22427,80b970d7-6e39-45a6-81c9-9a312d21e009,-70
182,1627788509.3565462,80b970d7-6e39-45a6-81c9-9a312d21e009,-66
183,1627788509.4979992,80b970d7-6e39-45a6-81c9-9a312d21e009,-69
184,1627788509.6373413,80b970d7-6e39-45a6-81c9-9a312d21e009,-64
185,1627788509.7765603,80b970d7-6e39-45a6-81c9-9a312d21e009,-68
186,1627788509.9073422,80b970d7-6e39-45a6-81c9-9a312d21e009,-64
187,1627788510.0392241,80b970d7-6e39-45a6-81c9-9a312d21e009,-69
188,1627788510.1748426,80b970d7-6e39-45a6-81c9-9a312d21e009,-64
189,1627788510.3128338,80b970d7-6e39-45a6-81c9-9a312d21e009,-66
190,1627788510.449764,80b970d7-6e39-45a6-81c9-9a312d21e009,-64
191,1627788510.5852966,80b970d7-6e39-45a6-81c9-9a312d21e009,-67
192,1627788510.723002,80b970d7-6e39-45a6-81c9-9a312d21e009,-69
193,1627788510.8553176,80b970d7-6e39-45a6-81c9-9a312d21e009,-67
194,1627788510.9911425,80b970d7-6e39-45a6-81c9-9a312d21e009,-64
195,1627788511.2573743,80b970d7-6e39-45a6-81c9-9a312d21e009,-64
196,1627788511.3904698,80b970d7-6e39-45a6-81c9-9a312d21e009,-69
197,1627788511.5285923,80b970d7-6e39-45a6-81c9-9a312d21e009,-63
198,1627788511.6592681,80b970d7-6e39-45a6-81c9-9a312d21e009,-69
199,1627788511.7959993,80b970d7-6e39-45a6-81c9-9a312d21e009,-64
200,1627788511.9280095,80b970d7-6e39-45a6-81c9-9a312d21e009,-69
201,1627788512.0590723,80b970d7-6e39-45a6-81c9-9a312d21e009,-68
202,1627788512.1942728,80b970d7-6e39-45a6-81c9-9a312d21e009,-69
203,1627788512.3321784,80b970d7-6e39-45a6-81c9-9a312d21e009,-64
204,1627788512.4680114,80b970d7-6e39-45a6-81c9-9a312d21e009,-69
205,1627788512.6022975,80b970d7-6e39-45a6-81c9-9a312d21e009,-64
206,1627788512.874703,80b970d7-6e39-45a6-81c9-9a312d21e009,-64
207,1627788513.1421838,80b970d7-6e39-45a6-81c9-9a312d21e009,-64
208,1627788513.4212096,80b970d7-6e39-45a6-81c9-9a312d21e009,-64
209,1627788513.691145,80b970d7-6e39-45a6-81c9-9a312d21e009,-64
210,1627788513.827876,80b970d7-6e39-45a6-81c9-9a312d21e009,-66
211,1627788513.9667835,80b970d7-6e39-45a6-81c9-9a312d21e009,-68
212,1627788514.0990956,80b970d7-6e39-45a6-81c9-9a312d21e009,-65
213,1627788514.233034,80b970d7-6e39-45a6-81c9-9a312d21e009,-69
214,1627788514.3722055,80b970d7-6e39-45a6-81c9-9a312d21e009,-64
215,1627788514.5030396,80b970d7-6e39-45a6-81c9-9a312d21e009,-68
216,1627788514.6402998,80b970d7-6e39-45a6-81c9-9a312d21e009,-66
217,1627788514.7804775,80b970d7-6e39-45a6-81c9-9a312d21e009,-68
218,1627788514.913627,80b970d7-6e39-45a6-81c9-9a312d21e009,-64
219,1627788515.0528584,80b970d7-6e39-45a6-81c9-9a312d21e009,-67
220,1627788515.1931,80b970d7-6e39-45a6-81c9-9a312d21e009,-70
221,1627788515.3266447,80b970d7-6e39-45a6-81c9-9a312d21e009,-65
222,1627788515.45741,80b970d7-6e39-45a6-81c9-9a312d21e009,-63
223,1627788515.5880778,80b970d7-6e39-45a6-81c9-9a312d21e009,-70
224,1627788515.7224169,80b970d7-6e39-45a6-81c9-9a312d21e009,-64
225,1627788515.8593104,80b970d7-6e39-45a6-81c9-9a312d21e009,-69
226,1627788515.993653,80b970d7-6e39-45a6-81c9-9a312d21e009,-65
227,1627788516.1256034,80b970d7-6e39-45a6-81c9-9a312d21e009,-70
228,1627788516.2603624,80b970d7-6e39-45a6-81c9-9a312d21e009,-66
229,1627788516.3968213,80b970d7-6e39-45a6-81c9-9a312d21e009,-69
230,1627788516.5303292,80b970d7-6e39-45a6-81c9-9a312d21e009,-67
231,1627788516.6630814,80b970d7-6e39-45a6-81c9-9a312d21e009,-71
232,1627788516.9367347,80b970d7-6e39-45a6-81c9-9a312d21e009,-69
233,1627788517.0724149,80b970d7-6e39-45a6-81c9-9a312d21e009,-64
234,1627788517.2054877,80b970d7-6e39-45a6-81c9-9a312d21e009,-71
235,1627788517.3391519,80b970d7-6e39-45a6-81c9-9a312d21e009,-67
236,1627788517.472985,80b970d7-6e39-45a6-81c9-9a312d21e009,-71
237,1627788517.6091678,80b970d7-6e39-45a6-81c9-9a312d21e009,-67
238,1627788517.7467215,80b970d7-6e39-45a6-81c9-9a312d21e009,-71
239,1627788518.0167563,80b970d7-6e39-45a6-81c9-9a312d21e009,-72
240,1627788518.1491842,80b970d7-6e39-45a6-81c9-9a312d21e009,-67
241,1627788518.2881067,80b970d7-6e39-45a6-81c9-9a312d21e009,-70
242,1627788518.4249675,80b970d7-6e39-45a6-81c9-9a312d21e009,-64
243,1627788518.5568688,80b970d7-6e39-45a6-81c9-9a312d21e009,-72
244,1627788518.6891804,80b970d7-6e39-45a6-81c9-9a312d21e009,-68
245,1627788518.8212194,80b970d7-6e39-45a6-81c9-9a312d21e009,-64
246,1627788518.959159,80b970d7-6e39-45a6-81c9-9a312d21e009,-66
247,1627788519.1005433,80b970d7-6e39-45a6-81c9-9a312d21e009,-69
248,1627788519.2374463,80b970d7-6e39-45a6-81c9-9a312d21e009,-64
249,1627788519.3705704,80b970d7-6e39-45a6-81c9-9a312d21e009,-71
250,1627788519.503721,80b970d7-6e39-45a6-81c9-9a312d21e009,-64
251,1627788519.6380975,80b970d7-6e39-45a6-81c9-9a312d21e009,-71
252,1627788519.7724373,80b970d7-6e39-45a6-81c9-9a312d21e009,-64
253,1627788519.9068651,80b970d7-6e39-45a6-81c9-9a312d21e009,-72
254,1627788520.0461853,80b970d7-6e39-45a6-81c9-9a312d21e009,-65
255,1627788520.1854277,80b970d7-6e39-45a6-81c9-9a312d21e009,-66
256,1627788520.3231533,80b970d7-6e39-45a6-81c9-9a312d21e009,-71
257,1627788520.5837097,80b970d7-6e39-45a6-81c9-9a312d21e009,-64
258,1627788520.7167683,80b970d7-6e39-45a6-81c9-9a312d21e009,-71
259,1627788520.8479304,80b970d7-6e39-45a6-81c9-9a312d21e009,-67
260,1627788520.9881318,80b970d7-6e39-45a6-81c9-9a312d21e009,-69
261,1627788521.1203835,80b970d7-6e39-45a6-81c9-9a312d21e009,-65
262,1627788521.2605658,80b970d7-6e39-45a6-81c9-9a312d21e009,-67
263,1627788521.3924713,80b970d7-6e39-45a6-81c9-9a312d21e009,-61
264,1627788521.5280263,80b970d7-6e39-45a6-81c9-9a312d21e009,-69
265,1627788521.6649768,80b970d7-6e39-45a6-81c9-9a312d21e009,-63
266,1627788521.938738,80b970d7-6e39-45a6-81c9-9a312d21e009,-63
267,1627788522.0692906,80b970d7-6e39-45a6-81c9-9a312d21e009,-68
268,1627788522.2087271,80b970d7-6e39-45a6-81c9-9a312d21e009,-63
269,1627788522.3429482,80b970d7-6e39-45a6-81c9-9a312d21e009,-66
270,1627788522.47373,80b970d7-6e39-45a6-81c9-9a312d21e009,-62
271,1627788522.6093543,80b970d7-6e39-45a6-81c9-9a312d21e009,-68
272,1627788522.7474635,80b970d7-6e39-45a6-81c9-9a312d21e009,-62
273,1627788522.8854454,80b970d7-6e39-45a6-81c9-9a312d21e009,-67
274,1627788523.021254,80b970d7-6e39-45a6-81c9-9a312d21e009,-61
275,1627788523.1554446,80b970d7-6e39-45a6-81c9-9a312d21e009,-66
276,1627788523.2898982,80b970d7-6e39-45a6-81c9-9a312d21e009,-63
277,1627788523.5585835,80b970d7-6e39-45a6-81c9-9a312d21e009,-63
278,1627788523.692944,80b970d7-6e39-45a6-81c9-9a312d21e009,-65
279,1627788523.8273485,80b970d7-6e39-45a6-81c9-9a312d21e009,-62
280,1627788523.9605808,80b970d7-6e39-45a6-81c9-9a312d21e009,-67
281,1627788524.0903943,80b970d7-6e39-45a6-81c9-9a312d21e009,-67
282,1627788524.2293603,80b970d7-6e39-45a6-81c9-9a312d21e009,-67
283,1627788524.3604069,80b970d7-6e39-45a6-81c9-9a312d21e009,-64
284,1627788524.5005739,80b970d7-6e39-45a6-81c9-9a312d21e009,-67
285,1627788524.639831,80b970d7-6e39-45a6-81c9-9a312d21e009,-62
286,1627788524.7766912,80b970d7-6e39-45a6-81c9-9a312d21e009,-65
287,1627788524.9143817,80b970d7-6e39-45a6-81c9-9a312d21e009,-67
288,1627788525.053554,80b970d7-6e39-45a6-81c9-9a312d21e009,-63
289,1627788525.1856384,80b970d7-6e39-45a6-81c9-9a312d21e009,-68
290,1627788525.3204095,80b970d7-6e39-45a6-81c9-9a312d21e009,-66
291,1627788525.4581547,80b970d7-6e39-45a6-81c9-9a312d21e009,-69
292,1627788525.5904636,80b970d7-6e39-45a6-81c9-9a312d21e009,-66
293,1627788525.7231472,80b970d7-6e39-45a6-81c9-9a312d21e009,-69
294,1627788525.8579676,80b970d7-6e39-45a6-81c9-9a312d21e009,-65
295,1627788525.9993575,80b970d7-6e39-45a6-81c9-9a312d21e009,-69
296,1627788526.1292238,80b970d7-6e39-45a6-81c9-9a312d21e009,-66
297,1627788526.2681596,80b970d7-6e39-45a6-81c9-9a312d21e009,-67
298,1627788526.39672,80b970d7-6e39-45a6-81c9-9a312d21e009,-65
299,1627788526.5381896,80b970d7-6e39-45a6-81c9-9a312d21e009,-67
300,1627788526.6735694,80b970d7-6e39-45a6-81c9-9a312d21e009,-63
301,1627788526.94733,80b970d7-6e39-45a6-81c9-9a312d21e009,-63
302,1627788527.0854864,80b970d7-6e39-45a6-81c9-9a312d21e009,-66
303,1627788527.2212718,80b970d7-6e39-45a6-81c9-9a312d21e009,-63
304,1627788527.3542366,80b970d7-6e39-45a6-81c9-9a312d21e009,-65
305,1627788527.494412,80b970d7-6e39-45a6-81c9-9a312d21e009,-68
306,1627788527.6323483,80b970d7-6e39-45a6-81c9-9a312d21e009,-63
307,1627788527.7705965,80b970d7-6e39-45a6-81c9-9a312d21e009,-68
308,1627788527.9048383,80b970d7-6e39-45a6-81c9-9a312d21e009,-63
309,1627788528.0406067,80b970d7-6e39-45a6-81c9-9a312d21e009,-69
310,1627788528.1748314,80b970d7-6e39-45a6-81c9-9a312d21e009,-63
311,1627788528.4532285,80b970d7-6e39-45a6-81c9-9a312d21e009,-69
312,1627788528.5879695,80b970d7-6e39-45a6-81c9-9a312d21e009,-64
313,1627788528.7293768,80b970d7-6e39-45a6-81c9-9a312d21e009,-68
314,1627788528.8635952,80b970d7-6e39-45a6-81c9-9a312d21e009,-63
315,1627788528.9956558,80b970d7-6e39-45a6-81c9-9a312d21e009,-69
316,1627788529.1335788,80b970d7-6e39-45a6-81c9-9a312d21e009,-62
317,1627788529.2729704,80b970d7-6e39-45a6-81c9-9a312d21e009,-65
318,1627788529.4048486,80b970d7-6e39-45a6-81c9-9a312d21e009,-62
319,1627788529.5406113,80b970d7-6e39-45a6-81c9-9a312d21e009,-68
320,1627788529.6798472,80b970d7-6e39-45a6-81c9-9a312d21e009,-63
321,1627788529.8106472,80b970d7-6e39-45a6-81c9-9a312d21e009,-67
322,1627788529.9461582,80b970d7-6e39-45a6-81c9-9a312d21e009,-62
323,1627788530.078212,80b970d7-6e39-45a6-81c9-9a312d21e009,-68
324,1627788530.2161603,80b970d7-6e39-45a6-81c9-9a312d21e009,-62
325,1627788530.3554964,80b970d7-6e39-45a6-81c9-9a312d21e009,-64
326,1627788530.486139,80b970d7-6e39-45a6-81c9-9a312d21e009,-62
327,1627788530.6206799,80b970d7-6e39-45a6-81c9-9a312d21e009,-68
328,1627788530.7561548,80b970d7-6e39-45a6-81c9-9a312d21e009,-62
329,1627788530.8894298,80b970d7-6e39-45a6-81c9-9a312d21e009,-68
330,1627788531.0192409,80b970d7-6e39-45a6-81c9-9a312d21e009,-65
331,1627788531.1532006,80b970d7-6e39-45a6-81c9-9a312d21e009,-67
332,1627788531.2867475,80b970d7-6e39-45a6-81c9-9a312d21e009,-65
333,1627788531.41986,80b970d7-6e39-45a6-81c9-9a312d21e009,-63
334,1627788531.5567384,80b970d7-6e39-45a6-81c9-9a312d21e009,-65
335,1627788531.6944234,80b970d7-6e39-45a6-81c9-9a312d21e009,-68
336,1627788531.8254974,80b970d7-6e39-45a6-81c9-9a312d21e009,-66
337,1627788531.9598708,80b970d7-6e39-45a6-81c9-9a312d21e009,-62
338,1627788532.098006,80b970d7-6e39-45a6-81c9-9a312d21e009,-65
339,1627788532.228604,80b970d7-6e39-45a6-81c9-9a312d21e009,-62
340,1627788532.3669176,80b970d7-6e39-45a6-81c9-9a312d21e009,-65
341,1627788532.5081804,80b970d7-6e39-45a6-81c9-9a312d21e009,-67
342,1627788532.6404426,80b970d7-6e39-45a6-81c9-9a312d21e009,-65
343,1627788532.7712824,80b970d7-6e39-45a6-81c9-9a312d21e009,-63
344,1627788532.9069245,80b970d7-6e39-45a6-81c9-9a312d21e009,-65
345,1627788533.0481791,80b970d7-6e39-45a6-81c9-9a312d21e009,-68
346,1627788533.1769311,80b970d7-6e39-45a6-81c9-9a312d21e009,-65
347,1627788533.3113174,80b970d7-6e39-45a6-81c9-9a312d21e009,-63
348,1627788533.4482758,80b970d7-6e39-45a6-81c9-9a312d21e009,-66
349,1627788533.728604,80b970d7-6e39-45a6-81c9-9a312d21e009,-63
350,1627788533.8681984,80b970d7-6e39-45a6-81c9-9a312d21e009,-65
351,1627788533.99986,80b970d7-6e39-45a6-81c9-9a312d21e009,-63
352,1627788534.1369376,80b970d7-6e39-45a6-81c9-9a312d21e009,-65
353,1627788534.267355,80b970d7-6e39-45a6-81c9-9a312d21e009,-63
354,1627788534.399473,80b970d7-6e39-45a6-81c9-9a312d21e009,-67
355,1627788534.5304866,80b970d7-6e39-45a6-81c9-9a312d21e009,-64
356,1627788534.6681964,80b970d7-6e39-45a6-81c9-9a312d21e009,-67
357,1627788534.8036208,80b970d7-6e39-45a6-81c9-9a312d21e009,-61
358,1627788534.9394324,80b970d7-6e39-45a6-81c9-9a312d21e009,-67
359,1627788535.2031827,80b970d7-6e39-45a6-81c9-9a312d21e009,-69
360,1627788535.3423626,80b970d7-6e39-45a6-81c9-9a312d21e009,-63
361,1627788535.6173606,80b970d7-6e39-45a6-81c9-9a312d21e009,-62
362,1627788535.7506335,80b970d7-6e39-45a6-81c9-9a312d21e009,-69
363,1627788535.8836246,80b970d7-6e39-45a6-81c9-9a312d21e009,-63
364,1627788536.156187,80b970d7-6e39-45a6-81c9-9a312d21e009,-62
365,1627788536.4248743,80b970d7-6e39-45a6-81c9-9a312d21e009,-63
366,1627788536.5582032,80b970d7-6e39-45a6-81c9-9a312d21e009,-70
367,1627788536.6923916,80b970d7-6e39-45a6-81c9-9a312d21e009,-63
368,1627788536.829434,80b970d7-6e39-45a6-81c9-9a312d21e009,-67
369,1627788536.9582171,80b970d7-6e39-45a6-81c9-9a312d21e009,-66
370,1627788537.09696,80b970d7-6e39-45a6-81c9-9a312d21e009,-68
371,1627788537.229467,80b970d7-6e39-45a6-81c9-9a312d21e009,-66
372,1627788537.369438,80b970d7-6e39-45a6-81c9-9a312d21e009,-68
373,1627788537.5023756,80b970d7-6e39-45a6-81c9-9a312d21e009,-63
374,1627788537.6332037,80b970d7-6e39-45a6-81c9-9a312d21e009,-69
375,1627788537.7644532,80b970d7-6e39-45a6-81c9-9a312d21e009,-66
376,1627788537.904479,80b970d7-6e39-45a6-81c9-9a312d21e009,-67
377,1627788538.040517,80b970d7-6e39-45a6-81c9-9a312d21e009,-66
378,1627788538.1806297,80b970d7-6e39-45a6-81c9-9a312d21e009,-66
379,1627788538.3094804,80b970d7-6e39-45a6-81c9-9a312d21e009,-65
380,1627788538.4470074,80b970d7-6e39-45a6-81c9-9a312d21e009,-67
381,1627788538.5804884,80b970d7-6e39-45a6-81c9-9a312d21e009,-65
382,1627788538.7113888,80b970d7-6e39-45a6-81c9-9a312d21e009,-62
383,1627788538.8444932,80b970d7-6e39-45a6-81c9-9a312d21e009,-65
384,1627788538.9798973,80b970d7-6e39-45a6-81c9-9a312d21e009,-62
385,1627788539.118249,80b970d7-6e39-45a6-81c9-9a312d21e009,-64
386,1627788539.254473,80b970d7-6e39-45a6-81c9-9a312d21e009,-67
387,1627788539.3869667,80b970d7-6e39-45a6-81c9-9a312d21e009,-64
388,1627788539.5213516,80b970d7-6e39-45a6-81c9-9a312d21e009,-62
389,1627788539.660505,80b970d7-6e39-45a6-81c9-9a312d21e009,-65
390,1627788539.794478,80b970d7-6e39-45a6-81c9-9a312d21e009,-68
391,1627788539.9232335,80b970d7-6e39-45a6-81c9-9a312d21e009,-65
392,1627788540.0536518,80b970d7-6e39-45a6-81c9-9a312d21e009,-62
393,1627788540.1894991,80b970d7-6e39-45a6-81c9-9a312d21e009,-67
394,1627788540.3274136,80b970d7-6e39-45a6-81c9-9a312d21e009,-62
395,1627788540.4657626,80b970d7-6e39-45a6-81c9-9a312d21e009,-65
396,1627788540.6044776,80b970d7-6e39-45a6-81c9-9a312d21e009,-67
397,1627788540.738232,80b970d7-6e39-45a6-81c9-9a312d21e009,-64
398,1627788540.8794563,80b970d7-6e39-45a6-81c9-9a312d21e009,-67
399,1627788541.016299,80b970d7-6e39-45a6-81c9-9a312d21e009,-62
400,1627788541.275614,80b970d7-6e39-45a6-81c9-9a312d21e009,-65
401,1627788541.4099371,80b970d7-6e39-45a6-81c9-9a312d21e009,-62
402,1627788541.5433195,80b970d7-6e39-45a6-81c9-9a312d21e009,-64
403,1627788541.6737223,80b970d7-6e39-45a6-81c9-9a312d21e009,-62
404,1627788541.8107128,80b970d7-6e39-45a6-81c9-9a312d21e009,-67
405,1627788541.9487047,80b970d7-6e39-45a6-81c9-9a312d21e009,-62
406,1627788542.0844984,80b970d7-6e39-45a6-81c9-9a312d21e009,-65
407,1627788542.2186768,80b970d7-6e39-45a6-81c9-9a312d21e009,-62
408,1627788542.354561,80b970d7-6e39-45a6-81c9-9a312d21e009,-64
409,1627788542.4899507,80b970d7-6e39-45a6-81c9-9a312d21e009,-62
410,1627788542.627013,80b970d7-6e39-45a6-81c9-9a312d21e009,-64
411,1627788542.7613828,80b970d7-6e39-45a6-81c9-9a312d21e009,-61
412,1627788542.8994844,80b970d7-6e39-45a6-81c9-9a312d21e009,-64
413,1627788543.0299432,80b970d7-6e39-45a6-81c9-9a312d21e009,-61
414,1627788543.1645072,80b970d7-6e39-45a6-81c9-9a312d21e009,-64
415,1627788543.2949367,80b970d7-6e39-45a6-81c9-9a312d21e009,-61
416,1627788543.4283354,80b970d7-6e39-45a6-81c9-9a312d21e009,-66
417,1627788543.6958182,80b970d7-6e39-45a6-81c9-9a312d21e009,-66
418,1627788543.8245537,80b970d7-6e39-45a6-81c9-9a312d21e009,-65
419,1627788543.9658513,80b970d7-6e39-45a6-81c9-9a312d21e009,-67
420,1627788544.100511,80b970d7-6e39-45a6-81c9-9a312d21e009,-65
421,1627788544.2370026,80b970d7-6e39-45a6-81c9-9a312d21e009,-66
422,1627788544.369482,80b970d7-6e39-45a6-81c9-9a312d21e009,-64
423,1627788544.5032558,80b970d7-6e39-45a6-81c9-9a312d21e009,-66
424,1627788544.6332567,80b970d7-6e39-45a6-81c9-9a312d21e009,-65
425,1627788544.7686698,80b970d7-6e39-45a6-81c9-9a312d21e009,-61
426,1627788544.9031005,80b970d7-6e39-45a6-81c9-9a312d21e009,-65
427,1627788545.0349317,80b970d7-6e39-45a6-81c9-9a312d21e009,-62
428,1627788545.168244,80b970d7-6e39-45a6-81c9-9a312d21e009,-67
429,1627788545.303675,80b970d7-6e39-45a6-81c9-9a312d21e009,-61
430,1627788545.4370162,80b970d7-6e39-45a6-81c9-9a312d21e009,-66
431,1627788545.5655925,80b970d7-6e39-45a6-81c9-9a312d21e009,-64
432,1627788545.7057972,80b970d7-6e39-45a6-81c9-9a312d21e009,-66
433,1627788545.8449345,80b970d7-6e39-45a6-81c9-9a312d21e009,-61
434,1627788545.9757886,80b970d7-6e39-45a6-81c9-9a312d21e009,-66
435,1627788546.1136687,80b970d7-6e39-45a6-81c9-9a312d21e009,-63
436,1627788546.2482507,80b970d7-6e39-45a6-81c9-9a312d21e009,-67
437,1627788546.3805099,80b970d7-6e39-45a6-81c9-9a312d21e009,-65
438,1627788546.5195146,80b970d7-6e39-45a6-81c9-9a312d21e009,-67
439,1627788546.656196,80b970d7-6e39-45a6-81c9-9a312d21e009,-62
440,1627788546.9299238,80b970d7-6e39-45a6-81c9-9a312d21e009,-62
441,1627788547.0668423,80b970d7-6e39-45a6-81c9-9a312d21e009,-66
442,1627788547.2069964,80b970d7-6e39-45a6-81c9-9a312d21e009,-67
443,1627788547.3405466,80b970d7-6e39-45a6-81c9-9a312d21e009,-64
444,1627788547.613697,80b970d7-6e39-45a6-81c9-9a312d21e009,-62
445,1627788547.8874245,80b970d7-6e39-45a6-81c9-9a312d21e009,-62
446,1627788548.2845078,80b970d7-6e39-45a6-81c9-9a312d21e009,-66
447,1627788548.4131858,80b970d7-6e39-45a6-81c9-9a312d21e009,-64
448,1627788548.5499287,80b970d7-6e39-45a6-81c9-9a312d21e009,-62
449,1627788548.6856108,80b970d7-6e39-45a6-81c9-9a312d21e009,-64
450,1627788548.825779,80b970d7-6e39-45a6-81c9-9a312d21e009,-67
451,1627788548.9649067,80b970d7-6e39-45a6-81c9-9a312d21e009,-61
452,1627788549.2336702,80b970d7-6e39-45a6-81c9-9a312d21e009,-62
453,1627788549.369469,80b970d7-6e39-45a6-81c9-9a312d21e009,-66
454,1627788549.6406922,80b970d7-6e39-45a6-81c9-9a312d21e009,-66
455,1627788549.779916,80b970d7-6e39-45a6-81c9-9a312d21e009,-62
456,1627788549.913121,80b970d7-6e39-45a6-81c9-9a312d21e009,-64
457,1627788550.0532367,80b970d7-6e39-45a6-81c9-9a312d21e009,-66
458,1627788550.1905358,80b970d7-6e39-45a6-81c9-9a312d21e009,-64
459,1627788550.326965,80b970d7-6e39-45a6-81c9-9a312d21e009,-67
460,1627788550.4556122,80b970d7-6e39-45a6-81c9-9a312d21e009,-65
461,1627788550.5970514,80b970d7-6e39-45a6-81c9-9a312d21e009,-66
462,1627788550.734939,80b970d7-6e39-45a6-81c9-9a312d21e009,-61
463,1627788550.8682623,80b970d7-6e39-45a6-81c9-9a312d21e009,-66
464,1627788551.137026,80b970d7-6e39-45a6-81c9-9a312d21e009,-68
465,1627788551.270545,80b970d7-6e39-45a6-81c9-9a312d21e009,-63
466,1627788551.4032586,80b970d7-6e39-45a6-81c9-9a312d21e009,-66
467,1627788551.6649277,80b970d7-6e39-45a6-81c9-9a312d21e009,-62
468,1627788551.8043938,80b970d7-6e39-45a6-81c9-9a312d21e009,-64
469,1627788551.940285,80b970d7-6e39-45a6-81c9-9a312d21e009,-61
470,1627788552.3358343,80b970d7-6e39-45a6-81c9-9a312d21e009,-67
471,1627788552.4705358,80b970d7-6e39-45a6-81c9-9a312d21e009,-64
472,1627788552.6106951,80b970d7-6e39-45a6-81c9-9a312d21e009,-65
473,1627788552.7474234,80b970d7-6e39-45a6-81c9-9a312d21e009,-62
474,1627788553.019934,80b970d7-6e39-45a6-81c9-9a312d21e009,-62
475,1627788553.2836845,80b970d7-6e39-45a6-81c9-9a312d21e009,-63
476,1627788553.4170454,80b970d7-6e39-45a6-81c9-9a312d21e009,-67
477,1627788553.549401,80b970d7-6e39-45a6-81c9-9a312d21e009,-66
478,1627788553.6812491,80b970d7-6e39-45a6-81c9-9a312d21e009,-62
479,1627788554.2161942,80b970d7-6e39-45a6-81c9-9a312d21e009,-62
480,1627788554.4932535,80b970d7-6e39-45a6-81c9-9a312d21e009,-66
481,1627788554.6281404,80b970d7-6e39-45a6-81c9-9a312d21e009,-65
482,1627788554.7599304,80b970d7-6e39-45a6-81c9-9a312d21e009,-62
483,1627788554.8906996,80b970d7-6e39-45a6-81c9-9a312d21e009,-67
484,1627788555.0237026,80b970d7-6e39-45a6-81c9-9a312d21e009,-62
485,1627788555.1594884,80b970d7-6e39-45a6-81c9-9a312d21e009,-67
486,1627788555.290551,80b970d7-6e39-45a6-81c9-9a312d21e009,-66
487,1627788555.4307344,80b970d7-6e39-45a6-81c9-9a312d21e009,-67
488,1627788555.5649638,80b970d7-6e39-45a6-81c9-9a312d21e009,-62
489,1627788555.8337157,80b970d7-6e39-45a6-81c9-9a312d21e009,-62
490,1627788555.970708,80b970d7-6e39-45a6-81c9-9a312d21e009,-66
491,1627788556.1049402,80b970d7-6e39-45a6-81c9-9a312d21e009,-62
492,1627788556.236998,80b970d7-6e39-45a6-81c9-9a312d21e009,-65
493,1627788556.365625,80b970d7-6e39-45a6-81c9-9a312d21e009,-65
494,1627788556.5032518,80b970d7-6e39-45a6-81c9-9a312d21e009,-67
495,1627788556.6343672,80b970d7-6e39-45a6-81c9-9a312d21e009,-65
496,1627788556.7699187,80b970d7-6e39-45a6-81c9-9a312d21e009,-63
497,1627788556.9031408,80b970d7-6e39-45a6-81c9-9a312d21e009,-65
498,1627788557.0349371,80b970d7-6e39-45a6-81c9-9a312d21e009,-62
499,1627788557.1658258,80b970d7-6e39-45a6-81c9-9a312d21e009,-65
500,1627788557.5749373,80b970d7-6e39-45a6-81c9-9a312d21e009,-61
501,1627788557.710727,80b970d7-6e39-45a6-81c9-9a312d21e009,-67
502,1627788557.849956,80b970d7-6e39-45a6-81c9-9a312d21e009,-61
503,1627788557.9881365,80b970d7-6e39-45a6-81c9-9a312d21e009,-64
504,1627788558.1212404,80b970d7-6e39-45a6-81c9-9a312d21e009,-61
505,1627788558.2531402,80b970d7-6e39-45a6-81c9-9a312d21e009,-64
506,1627788558.3900135,80b970d7-6e39-45a6-81c9-9a312d21e009,-61
507,1627788558.6632617,80b970d7-6e39-45a6-81c9-9a312d21e009,-66
508,1627788558.798141,80b970d7-6e39-45a6-81c9-9a312d21e009,-64
509,1627788558.9312758,80b970d7-6e39-45a6-81c9-9a312d21e009,-63
510,1627788559.1961997,80b970d7-6e39-45a6-81c9-9a312d21e009,-63
511,1627788559.3270245,80b970d7-6e39-45a6-81c9-9a312d21e009,-67
512,1627788559.4594214,80b970d7-6e39-45a6-81c9-9a312d21e009,-65
513,1627788559.6007252,80b970d7-6e39-45a6-81c9-9a312d21e009,-67
514,1627788559.733723,80b970d7-6e39-45a6-81c9-9a312d21e009,-63
515,1627788560.0004787,80b970d7-6e39-45a6-81c9-9a312d21e009,-65
516,1627788560.1395452,80b970d7-6e39-45a6-81c9-9a312d21e009,-66
517,1627788560.2762048,80b970d7-6e39-45a6-81c9-9a312d21e009,-62
518,1627788560.551262,80b970d7-6e39-45a6-81c9-9a312d21e009,-63
519,1627788560.685676,80b970d7-6e39-45a6-81c9-9a312d21e009,-65
520,1627788560.8199646,80b970d7-6e39-45a6-81c9-9a312d21e009,-63
521,1627788560.9581466,80b970d7-6e39-45a6-81c9-9a312d21e009,-65
522,1627788561.091255,80b970d7-6e39-45a6-81c9-9a312d21e009,-62
523,1627788561.2281463,80b970d7-6e39-45a6-81c9-9a312d21e009,-65
524,1627788561.3632655,80b970d7-6e39-45a6-81c9-9a312d21e009,-66
525,1627788561.4943924,80b970d7-6e39-45a6-81c9-9a312d21e009,-64
526,1627788561.6332555,80b970d7-6e39-45a6-81c9-9a312d21e009,-67
527,1627788561.7656398,80b970d7-6e39-45a6-81c9-9a312d21e009,-65
528,1627788561.8987327,80b970d7-6e39-45a6-81c9-9a312d21e009,-62
529,1627788562.0381782,80b970d7-6e39-45a6-81c9-9a312d21e009,-64
530,1627788562.1782362,80b970d7-6e39-45a6-81c9-9a312d21e009,-65
531,1627788562.3104699,80b970d7-6e39-45a6-81c9-9a312d21e009,-66
532,1627788562.441269,80b970d7-6e39-45a6-81c9-9a312d21e009,-63
533,1627788562.573251,80b970d7-6e39-45a6-81c9-9a312d21e009,-65
534,1627788562.7145143,80b970d7-6e39-45a6-81c9-9a312d21e009,-67
535,1627788562.843148,80b970d7-6e39-45a6-81c9-9a312d21e009,-65
536,1627788562.9812648,80b970d7-6e39-45a6-81c9-9a312d21e009,-63
537,1627788563.1194034,80b970d7-6e39-45a6-81c9-9a312d21e009,-65
538,1627788563.257013,80b970d7-6e39-45a6-81c9-9a312d21e009,-66
539,1627788563.3950074,80b970d7-6e39-45a6-81c9-9a312d21e009,-63
540,1627788563.5307302,80b970d7-6e39-45a6-81c9-9a312d21e009,-67
541,1627788563.664957,80b970d7-6e39-45a6-81c9-9a312d21e009,-62
542,1627788563.7982767,80b970d7-6e39-45a6-81c9-9a312d21e009,-68
543,1627788563.9362178,80b970d7-6e39-45a6-81c9-9a312d21e009,-63
544,1627788564.073145,80b970d7-6e39-45a6-81c9-9a312d21e009,-65
545,1627788564.2036943,80b970d7-6e39-45a6-81c9-9a312d21e009,-62
546,1627788564.34071,80b970d7-6e39-45a6-81c9-9a312d21e009,-66
547,1627788564.4737437,80b970d7-6e39-45a6-81c9-9a312d21e009,-62
548,1627788564.6095319,80b970d7-6e39-45a6-81c9-9a312d21e009,-67
549,1627788564.7381473,80b970d7-6e39-45a6-81c9-9a312d21e009,-64
550,1627788564.8687158,80b970d7-6e39-45a6-81c9-9a312d21e009,-63
551,1627788565.0031629,80b970d7-6e39-45a6-81c9-9a312d21e009,-65
552,1627788565.1374638,80b970d7-6e39-45a6-81c9-9a312d21e009,-63
553,1627788565.27567,80b970d7-6e39-45a6-81c9-9a312d21e009,-65
554,1627788565.4099545,80b970d7-6e39-45a6-81c9-9a312d21e009,-62
555,1627788565.546905,80b970d7-6e39-45a6-81c9-9a312d21e009,-65
556,1627788565.6812744,80b970d7-6e39-45a6-81c9-9a312d21e009,-63
557,1627788565.9462128,80b970d7-6e39-45a6-81c9-9a312d21e009,-62
558,1627788566.0856733,80b970d7-6e39-45a6-81c9-9a312d21e009,-66
559,1627788566.2245126,80b970d7-6e39-45a6-81c9-9a312d21e009,-66
560,1627788566.3531525,80b970d7-6e39-45a6-81c9-9a312d21e009,-66
561,1627788566.4912596,80b970d7-6e39-45a6-81c9-9a312d21e009,-63
562,1627788566.7599657,80b970d7-6e39-45a6-81c9-9a312d21e009,-63
563,1627788566.8968985,80b970d7-6e39-45a6-81c9-9a312d21e009,-64
564,1627788567.0312862,80b970d7-6e39-45a6-81c9-9a312d21e009,-63
565,1627788567.1631975,80b970d7-6e39-45a6-81c9-9a312d21e009,-66
566,1627788567.2974808,80b970d7-6e39-45a6-81c9-9a312d21e009,-62
567,1627788567.4369142,80b970d7-6e39-45a6-81c9-9a312d21e009,-65
568,1627788567.5712707,80b970d7-6e39-45a6-81c9-9a312d21e009,-62
569,1627788567.7081754,80b970d7-6e39-45a6-81c9-9a312d21e009,-65
570,1627788567.8387418,80b970d7-6e39-45a6-81c9-9a312d21e009,-62
571,1627788568.104979,80b970d7-6e39-45a6-81c9-9a312d21e009,-62
572,1627788568.3787284,80b970d7-6e39-45a6-81c9-9a312d21e009,-62
573,1627788568.509617,80b970d7-6e39-45a6-81c9-9a312d21e009,-66
574,1627788568.6437252,80b970d7-6e39-45a6-81c9-9a312d21e009,-63
575,1627788568.7758086,80b970d7-6e39-45a6-81c9-9a312d21e009,-65
576,1627788568.9044116,80b970d7-6e39-45a6-81c9-9a312d21e009,-65
577,1627788569.0399714,80b970d7-6e39-45a6-81c9-9a312d21e009,-62
578,1627788569.306219,80b970d7-6e39-45a6-81c9-9a312d21e009,-62
579,1627788569.5704958,80b970d7-6e39-45a6-81c9-9a312d21e009,-64
580,1627788569.703355,80b970d7-6e39-45a6-81c9-9a312d21e009,-68
581,1627788570.1212797,80b970d7-6e39-45a6-81c9-9a312d21e009,-63
582,1627788570.6587374,80b970d7-6e39-45a6-81c9-9a312d21e009,-63
583,1627788570.9237154,80b970d7-6e39-45a6-81c9-9a312d21e009,-63
584,1627788571.0595295,80b970d7-6e39-45a6-81c9-9a312d21e009,-67
585,1627788571.190524,80b970d7-6e39-45a6-81c9-9a312d21e009,-65
586,1627788571.3295345,80b970d7-6e39-45a6-81c9-9a312d21e009,-66
587,1627788571.46623,80b970d7-6e39-45a6-81c9-9a312d21e009,-62
588,1627788571.6056676,80b970d7-6e39-45a6-81c9-9a312d21e009,-65
589,1627788571.7399323,80b970d7-6e39-45a6-81c9-9a312d21e009,-62
590,1627788572.0086622,80b970d7-6e39-45a6-81c9-9a312d21e009,-63
591,1627788572.145657,80b970d7-6e39-45a6-81c9-9a312d21e009,-63
592,1627788572.2799404,80b970d7-6e39-45a6-81c9-9a312d21e009,-63
593,1627788572.413161,80b970d7-6e39-45a6-81c9-9a312d21e009,-66
594,1627788572.5449522,80b970d7-6e39-45a6-81c9-9a312d21e009,-63
595,1627788572.6758246,80b970d7-6e39-45a6-81c9-9a312d21e009,-67
596,1627788572.805664,80b970d7-6e39-45a6-81c9-9a312d21e009,-65
597,1627788572.9399085,80b970d7-6e39-45a6-81c9-9a312d21e009,-63
598,1627788573.0794225,80b970d7-6e39-45a6-81c9-9a312d21e009,-66
599,1627788573.2112904,80b970d7-6e39-45a6-81c9-9a312d21e009,-63
600,1627788573.3494196,80b970d7-6e39-45a6-81c9-9a312d21e009,-65
601,1627788573.4813259,80b970d7-6e39-45a6-81c9-9a312d21e009,-63
602,1627788573.6131592,80b970d7-6e39-45a6-81c9-9a312d21e009,-65
603,1627788573.7449105,80b970d7-6e39-45a6-81c9-9a312d21e009,-63
604,1627788574.0199153,80b970d7-6e39-45a6-81c9-9a312d21e009,-63
605,1627788574.1544082,80b970d7-6e39-45a6-81c9-9a312d21e009,-65
606,1627788574.28991,80b970d7-6e39-45a6-81c9-9a312d21e009,-62
607,1627788574.4269063,80b970d7-6e39-45a6-81c9-9a312d21e009,-65
608,1627788574.5574083,80b970d7-6e39-45a6-81c9-9a312d21e009,-63
609,1627788575.0936708,80b970d7-6e39-45a6-81c9-9a312d21e009,-63
610,1627788575.367452,80b970d7-6e39-45a6-81c9-9a312d21e009,-62
611,1627788575.6349146,80b970d7-6e39-45a6-81c9-9a312d21e009,-62
612,1627788575.7658775,80b970d7-6e39-45a6-81c9-9a312d21e009,-67
613,1627788575.8981655,80b970d7-6e39-45a6-81c9-9a312d21e009,-65
614,1627788576.0370286,80b970d7-6e39-45a6-81c9-9a312d21e009,-67
615,1627788576.1762178,80b970d7-6e39-45a6-81c9-9a312d21e009,-62
616,1627788576.3095605,80b970d7-6e39-45a6-81c9-9a312d21e009,-66
617,1627788576.4486806,80b970d7-6e39-45a6-81c9-9a312d21e009,-62
618,1627788576.5807412,80b970d7-6e39-45a6-81c9-9a312d21e009,-67
619,1627788576.7186854,80b970d7-6e39-45a6-81c9-9a312d21e009,-63
620,1627788576.9886918,80b970d7-6e39-45a6-81c9-9a312d21e009,-63
621,1627788577.253705,80b970d7-6e39-45a6-81c9-9a312d21e009,-63
622,1627788577.3907728,80b970d7-6e39-45a6-81c9-9a312d21e009,-67
623,1627788577.6558468,80b970d7-6e39-45a6-81c9-9a312d21e009,-65
624,1627788577.7881944,80b970d7-6e39-45a6-81c9-9a312d21e009,-65
625,1627788577.929595,80b970d7-6e39-45a6-81c9-9a312d21e009,-67
626,1627788578.0637255,80b970d7-6e39-45a6-81c9-9a312d21e009,-63
627,1627788578.2031965,80b970d7-6e39-45a6-81c9-9a312d21e009,-64
628,1627788578.3445468,80b970d7-6e39-45a6-81c9-9a312d21e009,-65
629,1627788578.6207926,80b970d7-6e39-45a6-81c9-9a312d21e009,-67
630,1627788578.7494783,80b970d7-6e39-45a6-81c9-9a312d21e009,-64
631,1627788579.0237174,80b970d7-6e39-45a6-81c9-9a312d21e009,-63
632,1627788579.1607523,80b970d7-6e39-45a6-81c9-9a312d21e009,-67
633,1627788579.29869,80b970d7-6e39-45a6-81c9-9a312d21e009,-62
634,1627788579.438185,80b970d7-6e39-45a6-81c9-9a312d21e009,-64
635,1627788579.5687501,80b970d7-6e39-45a6-81c9-9a312d21e009,-63
636,1627788579.699634,80b970d7-6e39-45a6-81c9-9a312d21e009,-67
637,1627788579.8294537,80b970d7-6e39-45a6-81c9-9a312d21e009,-64
638,1627788579.9645574,80b970d7-6e39-45a6-81c9-9a312d21e009,-67
639,1627788580.1005182,80b970d7-6e39-45a6-81c9-9a312d21e009,-65
640,1627788580.2359405,80b970d7-6e39-45a6-81c9-9a312d21e009,-67
641,1627788580.3682039,80b970d7-6e39-45a6-81c9-9a312d21e009,-64
642,1627788580.508326,80b970d7-6e39-45a6-81c9-9a312d21e009,-65
643,1627788580.6369433,80b970d7-6e39-45a6-81c9-9a312d21e009,-65
644,1627788580.7732928,80b970d7-6e39-45a6-81c9-9a312d21e009,-67
645,1627788580.904455,80b970d7-6e39-45a6-81c9-9a312d21e009,-64
646,1627788581.0445511,80b970d7-6e39-45a6-81c9-9a312d21e009,-66
647,1627788581.179444,80b970d7-6e39-45a6-81c9-9a312d21e009,-63
648,1627788581.3207636,80b970d7-6e39-45a6-81c9-9a312d21e009,-67
649,1627788581.4586904,80b970d7-6e39-45a6-81c9-9a312d21e009,-62
650,1627788581.5907915,80b970d7-6e39-45a6-81c9-9a312d21e009,-67
651,1627788581.7299554,80b970d7-6e39-45a6-81c9-9a312d21e009,-62
652,1627788581.8644598,80b970d7-6e39-45a6-81c9-9a312d21e009,-64
653,1627788582.0059376,80b970d7-6e39-45a6-81c9-9a312d21e009,-67
654,1627788582.1394649,80b970d7-6e39-45a6-81c9-9a312d21e009,-64
655,1627788582.2783089,80b970d7-6e39-45a6-81c9-9a312d21e009,-67
656,1627788582.4105675,80b970d7-6e39-45a6-81c9-9a312d21e009,-64
657,1627788582.5483027,80b970d7-6e39-45a6-81c9-9a312d21e009,-66
658,1627788582.6836991,80b970d7-6e39-45a6-81c9-9a312d21e009,-62
659,1627788582.819545,80b970d7-6e39-45a6-81c9-9a312d21e009,-67
660,1627788582.95619,80b970d7-6e39-45a6-81c9-9a312d21e009,-62
661,1627788583.0882995,80b970d7-6e39-45a6-81c9-9a312d21e009,-66
662,1627788583.2181993,80b970d7-6e39-45a6-81c9-9a312d21e009,-65
663,1627788583.349935,80b970d7-6e39-45a6-81c9-9a312d21e009,-62
664,1627788583.486967,80b970d7-6e39-45a6-81c9-9a312d21e009,-64
665,1627788583.6272466,80b970d7-6e39-45a6-81c9-9a312d21e009,-67
666,1627788583.764944,80b970d7-6e39-45a6-81c9-9a312d21e009,-62
667,1627788583.8972843,80b970d7-6e39-45a6-81c9-9a312d21e009,-67
668,1627788584.0294328,80b970d7-6e39-45a6-81c9-9a312d21e009,-65
669,1627788584.16473,80b970d7-6e39-45a6-81c9-9a312d21e009,-67
670,1627788584.3005085,80b970d7-6e39-45a6-81c9-9a312d21e009,-65
671,1627788584.4384868,80b970d7-6e39-45a6-81c9-9a312d21e009,-67
672,1627788584.5694258,80b970d7-6e39-45a6-81c9-9a312d21e009,-64
673,1627788584.7034981,80b970d7-6e39-45a6-81c9-9a312d21e009,-66
674,1627788584.9772966,80b970d7-6e39-45a6-81c9-9a312d21e009,-66
675,1627788585.249728,80b970d7-6e39-45a6-81c9-9a312d21e009,-68
676,1627788585.3849394,80b970d7-6e39-45a6-81c9-9a312d21e009,-63
677,1627788585.5207698,80b970d7-6e39-45a6-81c9-9a312d21e009,-67
678,1627788585.654937,80b970d7-6e39-45a6-81c9-9a312d21e009,-63
679,1627788585.9335077,80b970d7-6e39-45a6-81c9-9a312d21e009,-68
680,1627788586.0656848,80b970d7-6e39-45a6-81c9-9a312d21e009,-65
681,1627788586.2058837,80b970d7-6e39-45a6-81c9-9a312d21e009,-67
682,1627788586.3449361,80b970d7-6e39-45a6-81c9-9a312d21e009,-62
683,1627788586.6149547,80b970d7-6e39-45a6-81c9-9a312d21e009,-62
684,1627788586.8887017,80b970d7-6e39-45a6-81c9-9a312d21e009,-63
685,1627788587.0244496,80b970d7-6e39-45a6-81c9-9a312d21e009,-65
686,1627788587.1599848,80b970d7-6e39-45a6-81c9-9a312d21e009,-62
687,1627788587.2957447,80b970d7-6e39-45a6-81c9-9a312d21e009,-65
688,1627788587.4347663,80b970d7-6e39-45a6-81c9-9a312d21e009,-67
689,1627788587.5644495,80b970d7-6e39-45a6-81c9-9a312d21e009,-65
690,1627788587.697467,80b970d7-6e39-45a6-81c9-9a312d21e009,-63
691,1627788587.8307998,80b970d7-6e39-45a6-81c9-9a312d21e009,-67
692,1627788587.9637082,80b970d7-6e39-45a6-81c9-9a312d21e009,-63
693,1627788588.0972595,80b970d7-6e39-45a6-81c9-9a312d21e009,-67
694,1627788588.3647661,80b970d7-6e39-45a6-81c9-9a312d21e009,-68
695,1627788588.6359282,80b970d7-6e39-45a6-81c9-9a312d21e009,-67
696,1627788588.76577,80b970d7-6e39-45a6-81c9-9a312d21e009,-65
697,1627788588.897449,80b970d7-6e39-45a6-81c9-9a312d21e009,-62
698,1627788589.0307858,80b970d7-6e39-45a6-81c9-9a312d21e009,-68
699,1627788589.2946076,80b970d7-6e39-45a6-81c9-9a312d21e009,-66
700,1627788589.4269297,80b970d7-6e39-45a6-81c9-9a312d21e009,-64
701,1627788589.5661016,80b970d7-6e39-45a6-81c9-9a312d21e009,-65
702,1627788589.6994479,80b970d7-6e39-45a6-81c9-9a312d21e009,-66
703,1627788589.8347778,80b970d7-6e39-45a6-81c9-9a312d21e009,-66
704,1627788589.9632006,80b970d7-6e39-45a6-81c9-9a312d21e009,-65
705,1627788590.0999694,80b970d7-6e39-45a6-81c9-9a312d21e009,-64
706,1627788590.369958,80b970d7-6e39-45a6-81c9-9a312d21e009,-65
707,1627788590.6387029,80b970d7-6e39-45a6-81c9-9a312d21e009,-65
708,1627788590.9037018,80b970d7-6e39-45a6-81c9-9a312d21e009,-64
709,1627788591.0407758,80b970d7-6e39-45a6-81c9-9a312d21e009,-66
710,1627788591.1799393,80b970d7-6e39-45a6-81c9-9a312d21e009,-63
711,1627788591.3156385,80b970d7-6e39-45a6-81c9-9a312d21e009,-65
712,1627788591.4570997,80b970d7-6e39-45a6-81c9-9a312d21e009,-66
713,1627788591.5949416,80b970d7-6e39-45a6-81c9-9a312d21e009,-65
714,1627788591.7331333,80b970d7-6e39-45a6-81c9-9a312d21e009,-65
715,1627788592.0069509,80b970d7-6e39-45a6-81c9-9a312d21e009,-66
716,1627788592.145883,80b970d7-6e39-45a6-81c9-9a312d21e009,-67
717,1627788592.2794774,80b970d7-6e39-45a6-81c9-9a312d21e009,-67
718,1627788592.4146125,80b970d7-6e39-45a6-81c9-9a312d21e009,-67
719,1627788592.5456922,80b970d7-6e39-45a6-81c9-9a312d21e009,-65
720,1627788592.687113,80b970d7-6e39-45a6-81c9-9a312d21e009,-67
721,1627788592.8194427,80b970d7-6e39-45a6-81c9-9a312d21e009,-65
722,1627788592.9546099,80b970d7-6e39-45a6-81c9-9a312d21e009,-67
723,1627788593.2283833,80b970d7-6e39-45a6-81c9-9a312d21e009,-65
724,1627788593.4948077,80b970d7-6e39-45a6-81c9-9a312d21e009,-67
725,1627788593.6337223,80b970d7-6e39-45a6-81c9-9a312d21e009,-63
726,1627788593.7646167,80b970d7-6e39-45a6-81c9-9a312d21e009,-68
727,1627788593.89947,80b970d7-6e39-45a6-81c9-9a312d21e009,-66
728,1627788594.0383763,80b970d7-6e39-45a6-81c9-9a312d21e009,-67
729,1627788594.1669583,80b970d7-6e39-45a6-81c9-9a312d21e009,-66
730,1627788594.305923,80b970d7-6e39-45a6-81c9-9a312d21e009,-66
731,1627788594.4450119,80b970d7-6e39-45a6-81c9-9a312d21e009,-63
732,1627788594.5798054,80b970d7-6e39-45a6-81c9-9a312d21e009,-68
733,1627788594.8435369,80b970d7-6e39-45a6-81c9-9a312d21e009,-67
734,1627788594.9757786,80b970d7-6e39-45a6-81c9-9a312d21e009,-64
735,1627788595.1062279,80b970d7-6e39-45a6-81c9-9a312d21e009,-63
736,1627788595.243209,80b970d7-6e39-45a6-81c9-9a312d21e009,-66
737,1627788595.3761973,80b970d7-6e39-45a6-81c9-9a312d21e009,-65
738,1627788595.649984,80b970d7-6e39-45a6-81c9-9a312d21e009,-64
739,1627788595.9233923,80b970d7-6e39-45a6-81c9-9a312d21e009,-68
740,1627788596.0556524,80b970d7-6e39-45a6-81c9-9a312d21e009,-66
741,1627788596.1899977,80b970d7-6e39-45a6-81c9-9a312d21e009,-65
742,1627788596.3281567,80b970d7-6e39-45a6-81c9-9a312d21e009,-66
743,1627788596.4612432,80b970d7-6e39-45a6-81c9-9a312d21e009,-65
744,1627788596.5969064,80b970d7-6e39-45a6-81c9-9a312d21e009,-66
745,1627788596.7359235,80b970d7-6e39-45a6-81c9-9a312d21e009,-68
746,1627788597.1405356,80b970d7-6e39-45a6-81c9-9a312d21e009,-66
747,1627788597.2712774,80b970d7-6e39-45a6-81c9-9a312d21e009,-64
748,1627788597.5305812,80b970d7-6e39-45a6-81c9-9a312d21e009,-64
749,1627788597.6633663,80b970d7-6e39-45a6-81c9-9a312d21e009,-68
750,1627788597.7981586,80b970d7-6e39-45a6-81c9-9a312d21e009,-66
751,1627788597.9312563,80b970d7-6e39-45a6-81c9-9a312d21e009,-64
752,1627788598.1999269,80b970d7-6e39-45a6-81c9-9a312d21e009,-64
753,1627788598.599655,80b970d7-6e39-45a6-81c9-9a312d21e009,-65
754,1627788598.7349448,80b970d7-6e39-45a6-81c9-9a312d21e009,-63
755,1627788598.8696089,80b970d7-6e39-45a6-81c9-9a312d21e009,-66
756,1627788599.0074444,80b970d7-6e39-45a6-81c9-9a312d21e009,-64
757,1627788599.1383705,80b970d7-6e39-45a6-81c9-9a312d21e009,-67
758,1627788599.268149,80b970d7-6e39-45a6-81c9-9a312d21e009,-67
759,1627788599.4046214,80b970d7-6e39-45a6-81c9-9a312d21e009,-66
760,1627788599.5394049,80b970d7-6e39-45a6-81c9-9a312d21e009,-65
761,1627788599.6712534,80b970d7-6e39-45a6-81c9-9a312d21e009,-66
762,1627788599.934967,80b970d7-6e39-45a6-81c9-9a312d21e009,-65
763,1627788600.2099671,80b970d7-6e39-45a6-81c9-9a312d21e009,-63
764,1627788600.3444488,80b970d7-6e39-45a6-81c9-9a312d21e009,-66
765,1627788600.4787316,80b970d7-6e39-45a6-81c9-9a312d21e009,-64
766,1627788600.610801,80b970d7-6e39-45a6-81c9-9a312d21e009,-66
767,1627788600.7487206,80b970d7-6e39-45a6-81c9-9a312d21e009,-63
768,1627788600.8856854,80b970d7-6e39-45a6-81c9-9a312d21e009,-65
769,1627788601.0272627,80b970d7-6e39-45a6-81c9-9a312d21e009,-67
770,1627788601.166173,80b970d7-6e39-45a6-81c9-9a312d21e009,-63
771,1627788601.300819,80b970d7-6e39-45a6-81c9-9a312d21e009,-67
772,1627788601.4377396,80b970d7-6e39-45a6-81c9-9a312d21e009,-64
773,1627788601.710025,80b970d7-6e39-45a6-81c9-9a312d21e009,-64
774,1627788601.8495047,80b970d7-6e39-45a6-81c9-9a312d21e009,-66
775,1627788601.9848197,80b970d7-6e39-45a6-81c9-9a312d21e009,-68
776,1627788602.1182473,80b970d7-6e39-45a6-81c9-9a312d21e009,-66
777,1627788602.2487543,80b970d7-6e39-45a6-81c9-9a312d21e009,-64
778,1627788602.5137799,80b970d7-6e39-45a6-81c9-9a312d21e009,-64
779,1627788602.645943,80b970d7-6e39-45a6-81c9-9a312d21e009,-66
780,1627788602.7770007,80b970d7-6e39-45a6-81c9-9a312d21e009,-65
781,1627788602.9112747,80b970d7-6e39-45a6-81c9-9a312d21e009,-63
782,1627788603.309697,80b970d7-6e39-45a6-81c9-9a312d21e009,-66
783,1627788603.5808349,80b970d7-6e39-45a6-81c9-9a312d21e009,-67
784,1627788603.7162516,80b970d7-6e39-45a6-81c9-9a312d21e009,-63
785,1627788603.8545032,80b970d7-6e39-45a6-81c9-9a312d21e009,-65
786,1627788603.9875028,80b970d7-6e39-45a6-81c9-9a312d21e009,-63
787,1627788604.2600255,80b970d7-6e39-45a6-81c9-9a312d21e009,-63
788,1627788604.390841,80b970d7-6e39-45a6-81c9-9a312d21e009,-66
789,1627788604.5300107,80b970d7-6e39-45a6-81c9-9a312d21e009,-63
790,1627788604.6694837,80b970d7-6e39-45a6-81c9-9a312d21e009,-65
791,1627788604.8071592,80b970d7-6e39-45a6-81c9-9a312d21e009,-66
792,1627788604.9462216,80b970d7-6e39-45a6-81c9-9a312d21e009,-63
793,1627788605.078401,80b970d7-6e39-45a6-81c9-9a312d21e009,-67
794,1627788605.2069438,80b970d7-6e39-45a6-81c9-9a312d21e009,-65
795,1627788605.3434086,80b970d7-6e39-45a6-81c9-9a312d21e009,-68
796,1627788605.4770052,80b970d7-6e39-45a6-81c9-9a312d21e009,-65
797,1627788605.6113055,80b970d7-6e39-45a6-81c9-9a312d21e009,-63
798,1627788605.7432792,80b970d7-6e39-45a6-81c9-9a312d21e009,-65
799,1627788605.8800504,80b970d7-6e39-45a6-81c9-9a312d21e009,-64
800,1627788606.0108461,80b970d7-6e39-45a6-81c9-9a312d21e009,-67
801,1627788606.1500008,80b970d7-6e39-45a6-81c9-9a312d21e009,-64
802,1627788606.2844412,80b970d7-6e39-45a6-81c9-9a312d21e009,-65
803,1627788606.4162607,80b970d7-6e39-45a6-81c9-9a312d21e009,-63
804,1627788606.5556874,80b970d7-6e39-45a6-81c9-9a312d21e009,-66
805,1627788606.693416,80b970d7-6e39-45a6-81c9-9a312d21e009,-67
806,1627788606.8294907,80b970d7-6e39-45a6-81c9-9a312d21e009,-66
807,1627788606.9646797,80b970d7-6e39-45a6-81c9-9a312d21e009,-69
808,1627788607.1037548,80b970d7-6e39-45a6-81c9-9a312d21e009,-65
809,1627788607.3774984,80b970d7-6e39-45a6-81c9-9a312d21e009,-64
810,1627788607.5084453,80b970d7-6e39-45a6-81c9-9a312d21e009,-67
811,1627788607.6462874,80b970d7-6e39-45a6-81c9-9a312d21e009,-64
812,1627788607.778421,80b970d7-6e39-45a6-81c9-9a312d21e009,-67
813,1627788607.9150202,80b970d7-6e39-45a6-81c9-9a312d21e009,-64
814,1627788608.0496838,80b970d7-6e39-45a6-81c9-9a312d21e009,-66
815,1627788608.186271,80b970d7-6e39-45a6-81c9-9a312d21e009,-64
816,1627788608.3171668,80b970d7-6e39-45a6-81c9-9a312d21e009,-68
817,1627788608.44584,80b970d7-6e39-45a6-81c9-9a312d21e009,-67
818,1627788608.5847087,80b970d7-6e39-45a6-81c9-9a312d21e009,-67
819,1627788608.7206037,80b970d7-6e39-45a6-81c9-9a312d21e009,-65
820,1627788608.8534234,80b970d7-6e39-45a6-81c9-9a312d21e009,-68
821,1627788608.9894533,80b970d7-6e39-45a6-81c9-9a312d21e009,-66
822,1627788609.1260002,80b970d7-6e39-45a6-81c9-9a312d21e009,-68
823,1627788609.2606037,80b970d7-6e39-45a6-81c9-9a312d21e009,-66
824,1627788609.5388086,80b970d7-6e39-45a6-81c9-9a312d21e009,-64
825,1627788609.6708674,80b970d7-6e39-45a6-81c9-9a312d21e009,-67
826,1627788609.8050296,80b970d7-6e39-45a6-81c9-9a312d21e009,-64
827,1627788609.9396646,80b970d7-6e39-45a6-81c9-9a312d21e009,-66
828,1627788610.0682273,80b970d7-6e39-45a6-81c9-9a312d21e009,-67
829,1627788610.2000008,80b970d7-6e39-45a6-81c9-9a312d21e009,-64
830,1627788610.3356743,80b970d7-6e39-45a6-81c9-9a312d21e009,-65
831,1627788610.4771554,80b970d7-6e39-45a6-81c9-9a312d21e009,-68
832,1627788610.7471852,80b970d7-6e39-45a6-81c9-9a312d21e009,-66
833,1627788610.8806083,80b970d7-6e39-45a6-81c9-9a312d21e009,-66
834,1627788611.0208373,80b970d7-6e39-45a6-81c9-9a312d21e009,-67
835,1627788611.1505816,80b970d7-6e39-45a6-81c9-9a312d21e009,-65
836,1627788611.4262512,80b970d7-6e39-45a6-81c9-9a312d21e009,-64
837,1627788611.5584204,80b970d7-6e39-45a6-81c9-9a312d21e009,-67
838,1627788611.697512,80b970d7-6e39-45a6-81c9-9a312d21e009,-64
839,1627788611.8284397,80b970d7-6e39-45a6-81c9-9a312d21e009,-68
840,1627788611.9605954,80b970d7-6e39-45a6-81c9-9a312d21e009,-66
841,1627788612.2387588,80b970d7-6e39-45a6-81c9-9a312d21e009,-63
842,1627788612.3782108,80b970d7-6e39-45a6-81c9-9a312d21e009,-66
843,1627788612.513416,80b970d7-6e39-45a6-81c9-9a312d21e009,-67
844,1627788612.6431894,80b970d7-6e39-45a6-81c9-9a312d21e009,-64
845,1627788612.7775097,80b970d7-6e39-45a6-81c9-9a312d21e009,-63
846,1627788613.174692,80b970d7-6e39-45a6-81c9-9a312d21e009,-67
847,1627788613.3044546,80b970d7-6e39-45a6-81c9-9a312d21e009,-65
848,1627788613.4375966,80b970d7-6e39-45a6-81c9-9a312d21e009,-63
849,1627788613.7050354,80b970d7-6e39-45a6-81c9-9a312d21e009,-64
850,1627788613.9775345,80b970d7-6e39-45a6-81c9-9a312d21e009,-63
851,1627788614.1145098,80b970d7-6e39-45a6-81c9-9a312d21e009,-66
852,1627788614.2534237,80b970d7-6e39-45a6-81c9-9a312d21e009,-68
853,1627788614.3894424,80b970d7-6e39-45a6-81c9-9a312d21e009,-65
854,1627788614.5284204,80b970d7-6e39-45a6-81c9-9a312d21e009,-68
855,1627788614.6582017,80b970d7-6e39-45a6-81c9-9a312d21e009,-65
856,1627788614.793445,80b970d7-6e39-45a6-81c9-9a312d21e009,-67
857,1627788614.9232218,80b970d7-6e39-45a6-81c9-9a312d21e009,-65
858,1627788615.056274,80b970d7-6e39-45a6-81c9-9a312d21e009,-63
859,1627788615.1957614,80b970d7-6e39-45a6-81c9-9a312d21e009,-65
860,1627788615.3360023,80b970d7-6e39-45a6-81c9-9a312d21e009,-67
861,1627788615.608486,80b970d7-6e39-45a6-81c9-9a312d21e009,-67
862,1627788615.7462952,80b970d7-6e39-45a6-81c9-9a312d21e009,-63
863,1627788615.8772044,80b970d7-6e39-45a6-81c9-9a312d21e009,-66
864,1627788616.1447406,80b970d7-6e39-45a6-81c9-9a312d21e009,-68
865,1627788616.2838323,80b970d7-6e39-45a6-81c9-9a312d21e009,-64
866,1627788616.4147103,80b970d7-6e39-45a6-81c9-9a312d21e009,-67
867,1627788616.5494895,80b970d7-6e39-45a6-81c9-9a312d21e009,-65
868,1627788616.6800327,80b970d7-6e39-45a6-81c9-9a312d21e009,-63
869,1627788616.8108616,80b970d7-6e39-45a6-81c9-9a312d21e009,-69
870,1627788616.9394734,80b970d7-6e39-45a6-81c9-9a312d21e009,-64
871,1627788617.075979,80b970d7-6e39-45a6-81c9-9a312d21e009,-68
872,1627788617.2150276,80b970d7-6e39-45a6-81c9-9a312d21e009,-63
873,1627788617.3532228,80b970d7-6e39-45a6-81c9-9a312d21e009,-65
874,1627788617.48629,80b970d7-6e39-45a6-81c9-9a312d21e009,-63
875,1627788617.7550328,80b970d7-6e39-45a6-81c9-9a312d21e009,-63
876,1627788618.0250113,80b970d7-6e39-45a6-81c9-9a312d21e009,-64
877,1627788618.1644647,80b970d7-6e39-45a6-81c9-9a312d21e009,-67
878,1627788618.3034437,80b970d7-6e39-45a6-81c9-9a312d21e009,-67
879,1627788618.7138207,80b970d7-6e39-45a6-81c9-9a312d21e009,-64
880,1627788618.8532178,80b970d7-6e39-45a6-81c9-9a312d21e009,-64
881,1627788618.987536,80b970d7-6e39-45a6-81c9-9a312d21e009,-63
882,1627788619.1208577,80b970d7-6e39-45a6-81c9-9a312d21e009,-69
883,1627788619.260022,80b970d7-6e39-45a6-81c9-9a312d21e009,-63
884,1627788619.3944447,80b970d7-6e39-45a6-81c9-9a312d21e009,-67
885,1627788619.5334325,80b970d7-6e39-45a6-81c9-9a312d21e009,-67
886,1627788619.666954,80b970d7-6e39-45a6-81c9-9a312d21e009,-66
887,1627788619.7975276,80b970d7-6e39-45a6-81c9-9a312d21e009,-63
888,1627788619.9357827,80b970d7-6e39-45a6-81c9-9a312d21e009,-66
889,1627788620.0700243,80b970d7-6e39-45a6-81c9-9a312d21e009,-63
890,1627788620.209486,80b970d7-6e39-45a6-81c9-9a312d21e009,-65
891,1627788620.3508472,80b970d7-6e39-45a6-81c9-9a312d21e009,-68
892,1627788620.480601,80b970d7-6e39-45a6-81c9-9a312d21e009,-65
893,1627788620.6172128,80b970d7-6e39-45a6-81c9-9a312d21e009,-67
894,1627788620.7537704,80b970d7-6e39-45a6-81c9-9a312d21e009,-63
895,1627788620.8932045,80b970d7-6e39-45a6-81c9-9a312d21e009,-64
896,1627788621.034688,80b970d7-6e39-45a6-81c9-9a312d21e009,-67
897,1627788621.1737635,80b970d7-6e39-45a6-81c9-9a312d21e009,-64
898,1627788621.3084688,80b970d7-6e39-45a6-81c9-9a312d21e009,-69
899,1627788621.438202,80b970d7-6e39-45a6-81c9-9a312d21e009,-65
900,1627788621.5713341,80b970d7-6e39-45a6-81c9-9a312d21e009,-64
901,1627788621.7069497,80b970d7-6e39-45a6-81c9-9a312d21e009,-64
902,1627788621.840005,80b970d7-6e39-45a6-81c9-9a312d21e009,-63
903,1627788622.111304,80b970d7-6e39-45a6-81c9-9a312d21e009,-63
904,1627788622.2469506,80b970d7-6e39-45a6-81c9-9a312d21e009,-65
905,1627788622.3812895,80b970d7-6e39-45a6-81c9-9a312d21e009,-63
906,1627788622.5157804,80b970d7-6e39-45a6-81c9-9a312d21e009,-65
907,1627788622.6500053,80b970d7-6e39-45a6-81c9-9a312d21e009,-63
908,1627788622.7894452,80b970d7-6e39-45a6-81c9-9a312d21e009,-66
909,1627788622.9296744,80b970d7-6e39-45a6-81c9-9a312d21e009,-67
910,1627788623.0594459,80b970d7-6e39-45a6-81c9-9a312d21e009,-65
911,1627788623.1984317,80b970d7-6e39-45a6-81c9-9a312d21e009,-67
912,1627788623.3294482,80b970d7-6e39-45a6-81c9-9a312d21e009,-65
913,1627788623.4672394,80b970d7-6e39-45a6-81c9-9a312d21e009,-67
914,1627788623.596969,80b970d7-6e39-45a6-81c9-9a312d21e009,-66
915,1627788623.7371943,80b970d7-6e39-45a6-81c9-9a312d21e009,-69
916,1627788623.8694587,80b970d7-6e39-45a6-81c9-9a312d21e009,-65
917,1627788624.0034459,80b970d7-6e39-45a6-81c9-9a312d21e009,-67
918,1627788624.1394575,80b970d7-6e39-45a6-81c9-9a312d21e009,-64
919,1627788624.2734447,80b970d7-6e39-45a6-81c9-9a312d21e009,-68
920,1627788624.4082353,80b970d7-6e39-45a6-81c9-9a312d21e009,-66
921,1627788624.5496876,80b970d7-6e39-45a6-81c9-9a312d21e009,-68
922,1627788624.680592,80b970d7-6e39-45a6-81c9-9a312d21e009,-66
923,1627788624.8146834,80b970d7-6e39-45a6-81c9-9a312d21e009,-68
924,1627788624.9537737,80b970d7-6e39-45a6-81c9-9a312d21e009,-63
925,1627788625.090828,80b970d7-6e39-45a6-81c9-9a312d21e009,-67
926,1627788625.2250197,80b970d7-6e39-45a6-81c9-9a312d21e009,-63
927,1627788625.363243,80b970d7-6e39-45a6-81c9-9a312d21e009,-65
928,1627788625.4987743,80b970d7-6e39-45a6-81c9-9a312d21e009,-63
929,1627788625.6382303,80b970d7-6e39-45a6-81c9-9a312d21e009,-66
930,1627788625.774713,80b970d7-6e39-45a6-81c9-9a312d21e009,-69
931,1627788626.046023,80b970d7-6e39-45a6-81c9-9a312d21e009,-67
932,1627788626.1850438,80b970d7-6e39-45a6-81c9-9a312d21e009,-63
933,1627788626.3184605,80b970d7-6e39-45a6-81c9-9a312d21e009,-67
934,1627788626.4562833,80b970d7-6e39-45a6-81c9-9a312d21e009,-63
935,1627788626.7300525,80b970d7-6e39-45a6-81c9-9a312d21e009,-63
936,1627788626.9937904,80b970d7-6e39-45a6-81c9-9a312d21e009,-63
937,1627788627.1247,80b970d7-6e39-45a6-81c9-9a312d21e009,-66
938,1627788627.2558267,80b970d7-6e39-45a6-81c9-9a312d21e009,-65
939,1627788627.3900547,80b970d7-6e39-45a6-81c9-9a312d21e009,-63
940,1627788627.5257823,80b970d7-6e39-45a6-81c9-9a312d21e009,-65
941,1627788627.6660135,80b970d7-6e39-45a6-81c9-9a312d21e009,-67
942,1627788627.8006358,80b970d7-6e39-45a6-81c9-9a312d21e009,-65
943,1627788627.939739,80b970d7-6e39-45a6-81c9-9a312d21e009,-68
944,1627788628.0737936,80b970d7-6e39-45a6-81c9-9a312d21e009,-62
945,1627788628.2084634,80b970d7-6e39-45a6-81c9-9a312d21e009,-68
946,1627788628.340619,80b970d7-6e39-45a6-81c9-9a312d21e009,-64
947,1627788628.4809835,80b970d7-6e39-45a6-81c9-9a312d21e009,-67
948,1627788628.7434876,80b970d7-6e39-45a6-81c9-9a312d21e009,-67
949,1627788628.8732343,80b970d7-6e39-45a6-81c9-9a312d21e009,-65
950,1627788629.0147173,80b970d7-6e39-45a6-81c9-9a312d21e009,-68
951,1627788629.1444874,80b970d7-6e39-45a6-81c9-9a312d21e009,-65
952,1627788629.2813253,80b970d7-6e39-45a6-81c9-9a312d21e009,-62
953,1627788629.418227,80b970d7-6e39-45a6-81c9-9a312d21e009,-64
954,1627788629.5547078,80b970d7-6e39-45a6-81c9-9a312d21e009,-66
955,1627788629.6937823,80b970d7-6e39-45a6-81c9-9a312d21e009,-63
956,1627788629.8332474,80b970d7-6e39-45a6-81c9-9a312d21e009,-65
957,1627788629.9675539,80b970d7-6e39-45a6-81c9-9a312d21e009,-63
958,1627788630.0997422,80b970d7-6e39-45a6-81c9-9a312d21e009,-68
959,1627788630.2306294,80b970d7-6e39-45a6-81c9-9a312d21e009,-65
960,1627788630.3634772,80b970d7-6e39-45a6-81c9-9a312d21e009,-67
961,1627788630.4944894,80b970d7-6e39-45a6-81c9-9a312d21e009,-64
962,1627788630.6360085,80b970d7-6e39-45a6-81c9-9a312d21e009,-66
963,1627788630.7658482,80b970d7-6e39-45a6-81c9-9a312d21e009,-64
964,1627788630.8987968,80b970d7-6e39-45a6-81c9-9a312d21e009,-63
965,1627788631.0382395,80b970d7-6e39-45a6-81c9-9a312d21e009,-65
966,1627788631.1713338,80b970d7-6e39-45a6-81c9-9a312d21e009,-63
967,1627788631.3032465,80b970d7-6e39-45a6-81c9-9a312d21e009,-64
968,1627788631.4447165,80b970d7-6e39-45a6-81c9-9a312d21e009,-66
969,1627788631.5838208,80b970d7-6e39-45a6-81c9-9a312d21e009,-62
970,1627788631.7160137,80b970d7-6e39-45a6-81c9-9a312d21e009,-67
971,1627788631.844525,80b970d7-6e39-45a6-81c9-9a312d21e009,-65
972,1627788631.9847379,80b970d7-6e39-45a6-81c9-9a312d21e009,-67
973,1627788632.1132529,80b970d7-6e39-45a6-81c9-9a312d21e009,-65
974,1627788632.2488198,80b970d7-6e39-45a6-81c9-9a312d21e009,-63
975,1627788632.388251,80b970d7-6e39-45a6-81c9-9a312d21e009,-64
976,1627788632.5261228,80b970d7-6e39-45a6-81c9-9a312d21e009,-67
977,1627788632.6570163,80b970d7-6e39-45a6-81c9-9a312d21e009,-64
978,1627788632.797238,80b970d7-6e39-45a6-81c9-9a312d21e009,-67
979,1627788632.930637,80b970d7-6e39-45a6-81c9-9a312d21e009,-65
980,1627788633.070876,80b970d7-6e39-45a6-81c9-9a312d21e009,-66
981,1627788633.2063456,80b970d7-6e39-45a6-81c9-9a312d21e009,-63
982,1627788633.3445249,80b970d7-6e39-45a6-81c9-9a312d21e009,-65
983,1627788633.4860992,80b970d7-6e39-45a6-81c9-9a312d21e009,-67
984,1627788633.616999,80b970d7-6e39-45a6-81c9-9a312d21e009,-65
985,1627788633.75723,80b970d7-6e39-45a6-81c9-9a312d21e009,-68
986,1627788633.8963122,80b970d7-6e39-45a6-81c9-9a312d21e009,-62
987,1627788634.0358522,80b970d7-6e39-45a6-81c9-9a312d21e009,-65
988,1627788634.177225,80b970d7-6e39-45a6-81c9-9a312d21e009,-68
989,1627788634.3106318,80b970d7-6e39-45a6-81c9-9a312d21e009,-64
990,1627788634.4460144,80b970d7-6e39-45a6-81c9-9a312d21e009,-66
991,1627788634.580658,80b970d7-6e39-45a6-81c9-9a312d21e009,-66
992,1627788634.7134845,80b970d7-6e39-45a6-81c9-9a312d21e009,-68
993,1627788634.8457966,80b970d7-6e39-45a6-81c9-9a312d21e009,-64
994,1627788634.9800684,80b970d7-6e39-45a6-81c9-9a312d21e009,-63
995,1627788635.1170025,80b970d7-6e39-45a6-81c9-9a312d21e009,-66
996,1627788635.2560477,80b970d7-6e39-45a6-81c9-9a312d21e009,-67
997,1627788635.3870087,80b970d7-6e39-45a6-81c9-9a312d21e009,-65
998,1627788635.521359,80b970d7-6e39-45a6-81c9-9a312d21e009,-63
999,1627788635.6532793,80b970d7-6e39-45a6-81c9-9a312d21e009,-64
1000,1627788635.7900743,80b970d7-6e39-45a6-81c9-9a312d21e009,-61
1001,1627788635.929518,80b970d7-6e39-45a6-81c9-9a312d21e009,-65
